Entry	Entry Name	Protein names
A0A0S2Z5J4	A0A0S2Z5J4_HUMAN	Adaptor-related protein complex 3 beta 1 subunit isoform 1
A0A140VJC8	A0A140VJC8_HUMAN	Amyloid-beta A4 protein
A0A218KGR2	A0A218KGR2_HUMAN	Amyloid-beta A4 protein
A4D1B5	GSAP_HUMAN	Gamma-secretase-activating protein, GSAP (Protein pigeon homolog) [Cleaved into: Gamma-secretase-activating protein 16 kDa C-terminal form, GSAP-16K ]
A4FUJ8	A4FUJ8_HUMAN	MKL1 protein
B4DGD0	B4DGD0_HUMAN	Amyloid-beta A4 protein
D3DTS7	D3DTS7_HUMAN	Peripheral myelin protein 22, isoform CRA_a
E9PG40	E9PG40_HUMAN	Amyloid-beta A4 protein
I6L9F6	I6L9F6_HUMAN	NEFL protein
O00189	AP4M1_HUMAN	AP-4 complex subunit mu-1 (AP-4 adaptor complex mu subunit) (Adaptor-related protein complex 4 subunit mu-1) (Mu subunit of AP-4) (Mu-adaptin-related protein 2, mu-ARP2) (Mu4-adaptin, mu4)
O00203	AP3B1_HUMAN	AP-3 complex subunit beta-1 (Adaptor protein complex AP-3 subunit beta-1) (Adaptor-related protein complex 3 subunit beta-1) (Beta-3A-adaptin) (Clathrin assembly protein complex 3 beta-1 large chain)
O00213	APBB1_HUMAN	Amyloid beta precursor protein binding family B member 1 (Amyloid-beta A4 precursor protein-binding family B member 1) (Protein Fe65)
O00230	CORT_HUMAN	Cortistatin [Cleaved into: Cortistatin-29; Cortistatin-17 ]
O00744	WN10B_HUMAN	Protein Wnt-10b (Protein Wnt-12)
O14494	PLPP1_HUMAN	Phospholipid phosphatase 1, EC 3.1.3.-, EC 3.1.3.106, EC 3.1.3.4, EC 3.1.3.81 (Lipid phosphate phosphohydrolase 1) (PAP2-alpha) (Phosphatidate phosphohydrolase type 2a) (Phosphatidic acid phosphatase 2a, PAP-2a, PAP2a)
O14576	DC1I1_HUMAN	Cytoplasmic dynein 1 intermediate chain 1 (Cytoplasmic dynein intermediate chain 1) (Dynein intermediate chain 1, cytosolic, DH IC-1)
O14645	IDLC_HUMAN	Axonemal dynein light intermediate polypeptide 1 (Inner dynein arm light chain, axonemal) (hp28)
O14656	TOR1A_HUMAN	Torsin-1A (Dystonia 1 protein) (Torsin ATPase-1A, EC 3.6.4.-) (Torsin family 1 member A)
O14662	STX16_HUMAN	Syntaxin-16, Syn16
O14672	ADA10_HUMAN	Disintegrin and metalloproteinase domain-containing protein 10, ADAM 10, EC 3.4.24.81 (CDw156) (Kuzbanian protein homolog) (Mammalian disintegrin-metalloprotease) (CD antigen CD156c)
O14733	MP2K7_HUMAN	Dual specificity mitogen-activated protein kinase kinase 7, MAP kinase kinase 7, MAPKK 7, EC 2.7.12.2 (JNK-activating kinase 2) (MAPK/ERK kinase 7, MEK 7) (Stress-activated protein kinase kinase 4, SAPK kinase 4, SAPKK-4, SAPKK4) (c-Jun N-terminal kinase kinase 2, JNK kinase 2, JNKK 2)
O14901	KLF11_HUMAN	Krueppel-like factor 11 (Transforming growth factor-beta-inducible early growth response protein 2, TGFB-inducible early growth response protein 2, TIEG-2)
O14939	PLD2_HUMAN	Phospholipase D2, PLD 2, hPLD2, EC 3.1.4.4 (Choline phosphatase 2) (PLD1C) (Phosphatidylcholine-hydrolyzing phospholipase D2)
O15162	PLS1_HUMAN	Phospholipid scramblase 1, PL scramblase 1 (Ca(2+)-dependent phospholipid scramblase 1) (Erythrocyte phospholipid scramblase) (Mg(2+)-dependent nuclease, EC 3.1.-.-) (MmTRA1b)
O15392	BIRC5_HUMAN	Baculoviral IAP repeat-containing protein 5 (Apoptosis inhibitor 4) (Apoptosis inhibitor survivin)
O43236	SEPT4_HUMAN	Septin-4 (Bradeion beta) (Brain protein H5) (CE5B3 beta) (Cell division control-related protein 2, hCDCREL-2) (Peanut-like protein 2)
O43508	TNF12_HUMAN	Tumor necrosis factor ligand superfamily member 12 (APO3 ligand) (TNF-related weak inducer of apoptosis, TWEAK) [Cleaved into: Tumor necrosis factor ligand superfamily member 12, membrane form; Tumor necrosis factor ligand superfamily member 12, secreted form ]
O43581	SYT7_HUMAN	Synaptotagmin-7 (IPCA-7) (Prostate cancer-associated protein 7) (Synaptotagmin VII, SytVII)
O43680	TCF21_HUMAN	Transcription factor 21, TCF-21 (Capsulin) (Class A basic helix-loop-helix protein 23, bHLHa23) (Epicardin) (Podocyte-expressed 1, Pod-1)
O43747	AP1G1_HUMAN	AP-1 complex subunit gamma-1 (Adaptor protein complex AP-1 subunit gamma-1) (Adaptor-related protein complex 1 subunit gamma-1) (Clathrin assembly protein complex 1 gamma-1 large chain) (Gamma1-adaptin) (Golgi adaptor HA1/AP1 adaptin subunit gamma-1)
O43752	STX6_HUMAN	Syntaxin-6
O43852	CALU_HUMAN	Calumenin (Crocalbin) (IEF SSP 9302)
O43895	XPP2_HUMAN	Xaa-Pro aminopeptidase 2, EC 3.4.11.9 (Aminoacylproline aminopeptidase) (Membrane-bound aminopeptidase P, Membrane-bound APP, Membrane-bound AmP, mAmP) (X-Pro aminopeptidase 2)
O60260	PRKN_HUMAN	E3 ubiquitin-protein ligase parkin, Parkin, EC 2.3.2.31 (Parkin RBR E3 ubiquitin-protein ligase) (Parkinson juvenile disease protein 2, Parkinson disease protein 2)
O60333	KIF1B_HUMAN	Kinesin-like protein KIF1B, Klp
O60602	TLR5_HUMAN	Toll-like receptor 5 (Toll/interleukin-1 receptor-like protein 3)
O60749	SNX2_HUMAN	Sorting nexin-2 (Transformation-related gene 9 protein, TRG-9)
O75069	TMCC2_HUMAN	Transmembrane and coiled-coil domains protein 2 (Cerebral protein 11)
O75116	ROCK2_HUMAN	Rho-associated protein kinase 2, EC 2.7.11.1 (Rho kinase 2) (Rho-associated, coiled-coil-containing protein kinase 2) (Rho-associated, coiled-coil-containing protein kinase II, ROCK-II) (p164 ROCK-2)
O75436	VP26A_HUMAN	Vacuolar protein sorting-associated protein 26A (Vesicle protein sorting 26A, hVPS26)
O75509	TNR21_HUMAN	Tumor necrosis factor receptor superfamily member 21 (Death receptor 6) (CD antigen CD358)
O75553	DAB1_HUMAN	Disabled homolog 1
O75604	UBP2_HUMAN	Ubiquitin carboxyl-terminal hydrolase 2, EC 3.4.19.12 (41 kDa ubiquitin-specific protease) (Deubiquitinating enzyme 2) (Ubiquitin thioesterase 2) (Ubiquitin-specific-processing protease 2)
O75843	AP1G2_HUMAN	AP-1 complex subunit gamma-like 2 (Gamma2-adaptin, G2ad)
O75888	TNF13_HUMAN	Tumor necrosis factor ligand superfamily member 13 (A proliferation-inducing ligand, APRIL) (TNF- and APOL-related leukocyte expressed ligand 2, TALL-2) (TNF-related death ligand 1, TRDL-1) (CD antigen CD256)
O75914	PAK3_HUMAN	Serine/threonine-protein kinase PAK 3, EC 2.7.11.1 (Beta-PAK) (Oligophrenin-3) (p21-activated kinase 3, PAK-3)
O75920	SERF1_HUMAN	Small EDRK-rich factor 1 (Protein 4F5, h4F5) (SMA modifier 1)
O75955	FLOT1_HUMAN	Flotillin-1
O76024	WFS1_HUMAN	Wolframin
O76041	NEBL_HUMAN	Nebulette (Actin-binding Z-disk protein)
O94851	MICA2_HUMAN	[F-actin]-monooxygenase MICAL2, EC 1.14.13.225 (MICAL C-terminal-like protein, Mical-cL) (Molecule interacting with CasL protein 2, MICAL-2)
O94973	AP2A2_HUMAN	AP-2 complex subunit alpha-2 (100 kDa coated vesicle protein C) (Adaptor protein complex AP-2 subunit alpha-2) (Adaptor-related protein complex 2 subunit alpha-2) (Alpha-adaptin C) (Alpha2-adaptin) (Clathrin assembly protein complex 2 alpha-C large chain) (Huntingtin yeast partner J) (Huntingtin-interacting protein 9, HIP-9) (Huntingtin-interacting protein J) (Plasma membrane adaptor HA2/AP2 adaptin alpha C subunit)
O94985	CSTN1_HUMAN	Calsyntenin-1 (Alcadein-alpha, Alc-alpha) (Alzheimer-related cadherin-like protein) (Non-classical cadherin XB31alpha) [Cleaved into: Soluble Alc-alpha, SAlc-alpha; CTF1-alpha (C-terminal fragment 1-alpha) ]
O95185	UNC5C_HUMAN	Netrin receptor UNC5C (Protein unc-5 homolog 3) (Protein unc-5 homolog C)
O95447	LCA5L_HUMAN	Lebercilin-like protein (Leber congenital amaurosis 5-like protein)
O95470	SGPL1_HUMAN	Sphingosine-1-phosphate lyase 1, S1PL, SP-lyase 1, SPL 1, hSPL, EC 4.1.2.27 (Sphingosine-1-phosphate aldolase)
O95631	NET1_HUMAN	Netrin-1 (Epididymis tissue protein Li 131P)
O95704	APBB3_HUMAN	Amyloid-beta A4 precursor protein-binding family B member 3 (Protein Fe65-like 2, Fe65L2)
O95782	AP2A1_HUMAN	AP-2 complex subunit alpha-1 (100 kDa coated vesicle protein A) (Adaptor protein complex AP-2 subunit alpha-1) (Adaptor-related protein complex 2 subunit alpha-1) (Alpha-adaptin A) (Alpha1-adaptin) (Clathrin assembly protein complex 2 alpha-A large chain) (Plasma membrane adaptor HA2/AP2 adaptin alpha A subunit)
O95793	STAU1_HUMAN	Double-stranded RNA-binding protein Staufen homolog 1
O95859	TSN12_HUMAN	Tetraspanin-12, Tspan-12 (Tetraspan NET-2) (Transmembrane 4 superfamily member 12)
O96013	PAK4_HUMAN	Serine/threonine-protein kinase PAK 4, EC 2.7.11.1 (p21-activated kinase 4, PAK-4)
O96018	APBA3_HUMAN	Amyloid-beta A4 precursor protein-binding family A member 3 (Adapter protein X11gamma) (Neuron-specific X11L2 protein) (Neuronal Munc18-1-interacting protein 3, Mint-3)
P00491	PNPH_HUMAN	Purine nucleoside phosphorylase, PNP, EC 2.4.2.1 (Inosine phosphorylase) (Inosine-guanosine phosphorylase)
P00734	THRB_HUMAN	Prothrombin, EC 3.4.21.5 (Coagulation factor II) [Cleaved into: Activation peptide fragment 1; Activation peptide fragment 2; Thrombin light chain; Thrombin heavy chain ]
P00747	PLMN_HUMAN	Plasminogen, EC 3.4.21.7 [Cleaved into: Plasmin heavy chain A; Activation peptide; Angiostatin; Plasmin heavy chain A, short form; Plasmin light chain B ]
P00748	FA12_HUMAN	Coagulation factor XII, EC 3.4.21.38 (Hageman factor, HAF) [Cleaved into: Coagulation factor XIIa heavy chain; Beta-factor XIIa part 1; Coagulation factor XIIa light chain (Beta-factor XIIa part 2) ]
P00749	UROK_HUMAN	Urokinase-type plasminogen activator, U-plasminogen activator, uPA, EC 3.4.21.73 [Cleaved into: Urokinase-type plasminogen activator long chain A; Urokinase-type plasminogen activator short chain A; Urokinase-type plasminogen activator chain B ]
P01011	AACT_HUMAN	Alpha-1-antichymotrypsin, ACT (Cell growth-inhibiting gene 24/25 protein) (Serpin A3) [Cleaved into: Alpha-1-antichymotrypsin His-Pro-less ]
P01034	CYTC_HUMAN	Cystatin-C (Cystatin-3) (Gamma-trace) (Neuroendocrine basic polypeptide) (Post-gamma-globulin)
P01100	FOS_HUMAN	Protein c-Fos (Cellular oncogene fos) (Fos proto-oncogene, AP-1 transcription factor subunit) (G0/G1 switch regulatory protein 7) (Proto-oncogene c-Fos) (Transcription factor AP-1 subunit c-Fos)
P01116	RASK_HUMAN	GTPase KRas, EC 3.6.5.2 (K-Ras 2) (Ki-Ras) (c-K-ras) (c-Ki-ras) [Cleaved into: GTPase KRas, N-terminally processed ]
P01137	TGFB1_HUMAN	Transforming growth factor beta-1 proprotein [Cleaved into: Latency-associated peptide, LAP; Transforming growth factor beta-1, TGF-beta-1 ]
P01138	NGF_HUMAN	Beta-nerve growth factor, Beta-NGF
P01375	TNFA_HUMAN	Tumor necrosis factor (Cachectin) (TNF-alpha) (Tumor necrosis factor ligand superfamily member 2, TNF-a) [Cleaved into: Tumor necrosis factor, membrane form (N-terminal fragment, NTF); Intracellular domain 1, ICD1; Intracellular domain 2, ICD2; C-domain 1; C-domain 2; Tumor necrosis factor, soluble form ]
P02511	CRYAB_HUMAN	Alpha-crystallin B chain (Alpha(B)-crystallin) (Heat shock protein beta-5, HspB5) (Renal carcinoma antigen NY-REN-27) (Rosenthal fiber component)
P02647	APOA1_HUMAN	Apolipoprotein A-I, Apo-AI, ApoA-I (Apolipoprotein A1) [Cleaved into: Proapolipoprotein A-I, ProapoA-I; Truncated apolipoprotein A-I (Apolipoprotein A-I(1-242)) ]
P02649	APOE_HUMAN	Apolipoprotein E, Apo-E
P02686	MBP_HUMAN	Myelin basic protein, MBP (Myelin A1 protein) (Myelin membrane encephalitogenic protein)
P02743	SAMP_HUMAN	Serum amyloid P-component, SAP (9.5S alpha-1-glycoprotein) [Cleaved into: Serum amyloid P-component(1-203) ]
P02766	TTHY_HUMAN	Transthyretin (ATTR) (Prealbumin) (TBPA)
P03886	NU1M_HUMAN	NADH-ubiquinone oxidoreductase chain 1, EC 7.1.1.2 (NADH dehydrogenase subunit 1)
P03891	NU2M_HUMAN	NADH-ubiquinone oxidoreductase chain 2, EC 7.1.1.2 (NADH dehydrogenase subunit 2)
P03897	NU3M_HUMAN	NADH-ubiquinone oxidoreductase chain 3, EC 7.1.1.2 (NADH dehydrogenase subunit 3)
P03951	FA11_HUMAN	Coagulation factor XI, FXI, EC 3.4.21.27 (Plasma thromboplastin antecedent, PTA) [Cleaved into: Coagulation factor XIa heavy chain; Coagulation factor XIa light chain ]
P03952	KLKB1_HUMAN	Plasma kallikrein, EC 3.4.21.34 (Fletcher factor) (Kininogenin) (Plasma prekallikrein, PKK) [Cleaved into: Plasma kallikrein heavy chain; Plasma kallikrein light chain ]
P04049	RAF1_HUMAN	RAF proto-oncogene serine/threonine-protein kinase, EC 2.7.11.1 (Proto-oncogene c-RAF, cRaf) (Raf-1)
P04156	PRIO_HUMAN	Major prion protein, PrP (ASCR) (PrP27-30) (PrP33-35C) (CD antigen CD230)
P04181	OAT_HUMAN	Ornithine aminotransferase, mitochondrial, EC 2.6.1.13 (Ornithine delta-aminotransferase) (Ornithine--oxo-acid aminotransferase) [Cleaved into: Ornithine aminotransferase, hepatic form; Ornithine aminotransferase, renal form ]
P04183	KITH_HUMAN	Thymidine kinase, cytosolic, EC 2.7.1.21
P04216	THY1_HUMAN	Thy-1 membrane glycoprotein (CDw90) (Thy-1 antigen) (CD antigen CD90)
P04271	S100B_HUMAN	Protein S100-B (S-100 protein beta chain) (S-100 protein subunit beta) (S100 calcium-binding protein B)
P04406	G3P_HUMAN	Glyceraldehyde-3-phosphate dehydrogenase, GAPDH, EC 1.2.1.12 (Peptidyl-cysteine S-nitrosylase GAPDH, EC 2.6.99.-)
P04629	NTRK1_HUMAN	High affinity nerve growth factor receptor, EC 2.7.10.1 (Neurotrophic tyrosine kinase receptor type 1) (TRK1-transforming tyrosine kinase protein) (Tropomyosin-related kinase A) (Tyrosine kinase receptor) (Tyrosine kinase receptor A, Trk-A) (gp140trk) (p140-TrkA)
P04792	HSPB1_HUMAN	Heat shock protein beta-1, HspB1 (28 kDa heat shock protein) (Estrogen-regulated 24 kDa protein) (Heat shock 27 kDa protein, HSP 27) (Stress-responsive protein 27, SRP27)
P05026	AT1B1_HUMAN	Sodium/potassium-transporting ATPase subunit beta-1 (Sodium/potassium-dependent ATPase subunit beta-1)
P05067	A4_HUMAN	Amyloid-beta precursor protein, APP (ABPP) (APPI) (Alzheimer disease amyloid A4 protein homolog) (Alzheimer disease amyloid protein) (Amyloid precursor protein) (Amyloid-beta (A4) precursor protein) (Amyloid-beta A4 protein) (Cerebral vascular amyloid peptide, CVAP) (PreA4) (Protease nexin-II, PN-II) [Cleaved into: N-APP; Soluble APP-alpha, S-APP-alpha; Soluble APP-beta, S-APP-beta; C99 (Beta-secretase C-terminal fragment, Beta-CTF); Amyloid-beta protein 42, Abeta42 (Beta-APP42); Amyloid-beta protein 40, Abeta40 (Beta-APP40); C83 (Alpha-secretase C-terminal fragment, Alpha-CTF); P3(42); P3(40); C80; Gamma-secretase C-terminal fragment 59 (Amyloid intracellular domain 59, AICD-59, AID(59)) (Gamma-CTF(59)); Gamma-secretase C-terminal fragment 57 (Amyloid intracellular domain 57, AICD-57, AID(57)) (Gamma-CTF(57)); Gamma-secretase C-terminal fragment 50 (Amyloid intracellular domain 50, AICD-50, AID(50)) (Gamma-CTF(50)); C31 ]
P05412	JUN_HUMAN	Transcription factor Jun (Activator protein 1, AP1) (Proto-oncogene c-Jun) (Transcription factor AP-1 subunit Jun) (V-jun avian sarcoma virus 17 oncogene homolog) (p39)
P05556	ITB1_HUMAN	Integrin beta-1 (Fibronectin receptor subunit beta) (Glycoprotein IIa, GPIIA) (VLA-4 subunit beta) (CD antigen CD29)
P06241	FYN_HUMAN	Tyrosine-protein kinase Fyn, EC 2.7.10.2 (Proto-oncogene Syn) (Proto-oncogene c-Fyn) (Src-like kinase, SLK) (p59-Fyn)
P06493	CDK1_HUMAN	Cyclin-dependent kinase 1, CDK1, EC 2.7.11.22, EC 2.7.11.23 (Cell division control protein 2 homolog) (Cell division protein kinase 1) (p34 protein kinase)
P06702	S10A9_HUMAN	Protein S100-A9 (Calgranulin-B) (Calprotectin L1H subunit) (Leukocyte L1 complex heavy chain) (Migration inhibitory factor-related protein 14, MRP-14, p14) (S100 calcium-binding protein A9)
P07339	CATD_HUMAN	Cathepsin D, EC 3.4.23.5 [Cleaved into: Cathepsin D light chain; Cathepsin D heavy chain ]
P07384	CAN1_HUMAN	Calpain-1 catalytic subunit, EC 3.4.22.52 (Calcium-activated neutral proteinase 1, CANP 1) (Calpain mu-type) (Calpain-1 large subunit) (Cell proliferation-inducing gene 30 protein) (Micromolar-calpain, muCANP)
P07437	TBB5_HUMAN	Tubulin beta chain (Tubulin beta-5 chain)
P07602	SAP_HUMAN	Prosaposin (Proactivator polypeptide) [Cleaved into: Saposin-A (Protein A); Saposin-B-Val; Saposin-B (Cerebroside sulfate activator, CSAct) (Dispersin) (Sphingolipid activator protein 1, SAP-1) (Sulfatide/GM1 activator); Saposin-C (A1 activator) (Co-beta-glucosidase) (Glucosylceramidase activator) (Sphingolipid activator protein 2, SAP-2); Saposin-D (Component C) (Protein C) ]
P07858	CATB_HUMAN	Cathepsin B, EC 3.4.22.1 (APP secretase, APPS) (Cathepsin B1) [Cleaved into: Cathepsin B light chain; Cathepsin B heavy chain ]
P07900	HS90A_HUMAN	Heat shock protein HSP 90-alpha, EC 3.6.4.10 (Heat shock 86 kDa, HSP 86, HSP86) (Lipopolysaccharide-associated protein 2, LAP-2, LPS-associated protein 2) (Renal carcinoma antigen NY-REN-38)
P07948	LYN_HUMAN	Tyrosine-protein kinase Lyn, EC 2.7.10.2 (Lck/Yes-related novel protein tyrosine kinase) (V-yes-1 Yamaguchi sarcoma viral related oncogene homolog) (p53Lyn) (p56Lyn)
P08138	TNR16_HUMAN	Tumor necrosis factor receptor superfamily member 16 (Gp80-LNGFR) (Low affinity neurotrophin receptor p75NTR) (Low-affinity nerve growth factor receptor, NGF receptor) (p75 ICD) (CD antigen CD271)
P08247	SYPH_HUMAN	Synaptophysin (Major synaptic vesicle protein p38)
P08253	MMP2_HUMAN	72 kDa type IV collagenase, EC 3.4.24.24 (72 kDa gelatinase) (Gelatinase A) (Matrix metalloproteinase-2, MMP-2) (TBE-1) [Cleaved into: PEX ]
P08473	NEP_HUMAN	Neprilysin, EC 3.4.24.11 (Atriopeptidase) (Common acute lymphocytic leukemia antigen, CALLA) (Enkephalinase) (Neutral endopeptidase 24.11, NEP, Neutral endopeptidase) (Skin fibroblast elastase, SFE) (CD antigen CD10)
P09429	HMGB1_HUMAN	High mobility group protein B1 (High mobility group protein 1, HMG-1)
P09619	PGFRB_HUMAN	Platelet-derived growth factor receptor beta, PDGF-R-beta, PDGFR-beta, EC 2.7.10.1 (Beta platelet-derived growth factor receptor) (Beta-type platelet-derived growth factor receptor) (CD140 antigen-like family member B) (Platelet-derived growth factor receptor 1, PDGFR-1) (CD antigen CD140b)
P09936	UCHL1_HUMAN	Ubiquitin carboxyl-terminal hydrolase isozyme L1, UCH-L1, EC 3.4.19.12 (Neuron cytoplasmic protein 9.5) (PGP 9.5, PGP9.5) (Ubiquitin thioesterase L1)
P09958	FURIN_HUMAN	Furin, EC 3.4.21.75 (Dibasic-processing enzyme) (Paired basic amino acid residue-cleaving enzyme, PACE)
P0CG47	UBB_HUMAN	Polyubiquitin-B [Cleaved into: Ubiquitin ]
P10415	BCL2_HUMAN	Apoptosis regulator Bcl-2
P10636	TAU_HUMAN	Microtubule-associated protein tau (Neurofibrillary tangle protein) (Paired helical filament-tau, PHF-tau)
P10809	CH60_HUMAN	60 kDa heat shock protein, mitochondrial, EC 5.6.1.7 (60 kDa chaperonin) (Chaperonin 60, CPN60) (Heat shock protein 60, HSP-60, Hsp60) (HuCHA60) (Mitochondrial matrix protein P1) (P60 lymphocyte protein)
P10909	CLUS_HUMAN	Clusterin (Aging-associated gene 4 protein) (Apolipoprotein J, Apo-J) (Complement cytolysis inhibitor, CLI) (Complement-associated protein SP-40,40) (Ku70-binding protein 1) (NA1/NA2) (Sulfated glycoprotein 2, SGP-2) (Testosterone-repressed prostate message 2, TRPM-2) [Cleaved into: Clusterin beta chain (ApoJalpha) (Complement cytolysis inhibitor a chain); Clusterin alpha chain (ApoJbeta) (Complement cytolysis inhibitor b chain) ]
P11021	BIP_HUMAN	Endoplasmic reticulum chaperone BiP, EC 3.6.4.10 (78 kDa glucose-regulated protein, GRP-78) (Binding-immunoglobulin protein, BiP) (Heat shock protein 70 family protein 5, HSP70 family protein 5) (Heat shock protein family A member 5) (Immunoglobulin heavy chain-binding protein)
P11142	HSP7C_HUMAN	Heat shock cognate 71 kDa protein, EC 3.6.4.10 (Heat shock 70 kDa protein 8) (Lipopolysaccharide-associated protein 1, LAP-1, LPS-associated protein 1)
P11171	EPB41_HUMAN	Protein 4.1, P4.1 (4.1R) (Band 4.1) (EPB4.1) (Erythrocyte membrane protein band 4.1)
P11277	SPTB1_HUMAN	Spectrin beta chain, erythrocytic (Beta-I spectrin)
P11686	PSPC_HUMAN	Pulmonary surfactant-associated protein C, SP-C (Pulmonary surfactant-associated proteolipid SPL(Val)) (SP5)
P11940	PABP1_HUMAN	Polyadenylate-binding protein 1, PABP-1, Poly(A)-binding protein 1
P12036	NFH_HUMAN	Neurofilament heavy polypeptide, NF-H (200 kDa neurofilament protein) (Neurofilament triplet H protein)
P12830	CADH1_HUMAN	Cadherin-1 (CAM 120/80) (Epithelial cadherin, E-cadherin) (Uvomorulin) (CD antigen CD324) [Cleaved into: E-Cad/CTF1; E-Cad/CTF2; E-Cad/CTF3 ]
P13051	UNG_HUMAN	Uracil-DNA glycosylase, UDG, EC 3.2.2.27
P14210	HGF_HUMAN	Hepatocyte growth factor (Hepatopoietin-A) (Scatter factor, SF) [Cleaved into: Hepatocyte growth factor alpha chain; Hepatocyte growth factor beta chain ]
P14625	ENPL_HUMAN	Endoplasmin (94 kDa glucose-regulated protein, GRP-94) (Heat shock protein 90 kDa beta member 1) (Tumor rejection antigen 1) (gp96 homolog)
P14735	IDE_HUMAN	Insulin-degrading enzyme, EC 3.4.24.56 (Abeta-degrading protease) (Insulin protease, Insulinase) (Insulysin)
P15086	CBPB1_HUMAN	Carboxypeptidase B, EC 3.4.17.2 (Pancreas-specific protein, PASP)
P15941	MUC1_HUMAN	Mucin-1, MUC-1 (Breast carcinoma-associated antigen DF3) (Cancer antigen 15-3, CA 15-3) (Carcinoma-associated mucin) (Episialin) (H23AG) (Krebs von den Lungen-6, KL-6) (PEMT) (Peanut-reactive urinary mucin, PUM) (Polymorphic epithelial mucin, PEM) (Tumor-associated epithelial membrane antigen, EMA) (Tumor-associated mucin) (CD antigen CD227) [Cleaved into: Mucin-1 subunit alpha, MUC1-NT, MUC1-alpha; Mucin-1 subunit beta, MUC1-beta (MUC1-CT) ]
P16112	PGCA_HUMAN	Aggrecan core protein (Cartilage-specific proteoglycan core protein, CSPCP) (Chondroitin sulfate proteoglycan core protein 1, Chondroitin sulfate proteoglycan 1) [Cleaved into: Aggrecan core protein 2 ]
P16234	PGFRA_HUMAN	Platelet-derived growth factor receptor alpha, PDGF-R-alpha, PDGFR-alpha, EC 2.7.10.1 (Alpha platelet-derived growth factor receptor) (Alpha-type platelet-derived growth factor receptor) (CD140 antigen-like family member A) (CD140a antigen) (Platelet-derived growth factor alpha receptor) (Platelet-derived growth factor receptor 2, PDGFR-2) (CD antigen CD140a)
P16671	CD36_HUMAN	Platelet glycoprotein 4 (Fatty acid translocase, FAT) (Glycoprotein IIIb, GPIIIB) (Leukocyte differentiation antigen CD36) (PAS IV) (PAS-4) (Platelet collagen receptor) (Platelet glycoprotein IV, GPIV) (Thrombospondin receptor) (CD antigen CD36)
P17028	ZNF24_HUMAN	Zinc finger protein 24 (Retinoic acid suppression protein A, RSG-A) (Zinc finger and SCAN domain-containing protein 3) (Zinc finger protein 191) (Zinc finger protein KOX17)
P17535	JUND_HUMAN	Transcription factor JunD (Transcription factor AP-1 subunit JunD)
P17612	KAPCA_HUMAN	cAMP-dependent protein kinase catalytic subunit alpha, PKA C-alpha, EC 2.7.11.11
P17677	NEUM_HUMAN	Neuromodulin (Axonal membrane protein GAP-43) (Growth-associated protein 43) (Neural phosphoprotein B-50) (pp46)
P17980	PRS6A_HUMAN	26S proteasome regulatory subunit 6A (26S proteasome AAA-ATPase subunit RPT5) (Proteasome 26S subunit ATPase 3) (Proteasome subunit P50) (Tat-binding protein 1, TBP-1)
P18509	PACA_HUMAN	Pituitary adenylate cyclase-activating polypeptide, PACAP [Cleaved into: PACAP-related peptide (PRP-48); Pituitary adenylate cyclase-activating polypeptide 27, PACAP-27, PACAP27; Pituitary adenylate cyclase-activating polypeptide 38, PACAP-38, PACAP38 ]
P18669	PGAM1_HUMAN	Phosphoglycerate mutase 1, EC 5.4.2.11, EC 5.4.2.4 (BPG-dependent PGAM 1) (Phosphoglycerate mutase isozyme B, PGAM-B)
P18827	SDC1_HUMAN	Syndecan-1, SYND1 (CD antigen CD138)
P19404	NDUV2_HUMAN	NADH dehydrogenase [ubiquinone] flavoprotein 2, mitochondrial, EC 7.1.1.2 (NADH-ubiquinone oxidoreductase 24 kDa subunit)
P19419	ELK1_HUMAN	ETS domain-containing protein Elk-1
P19544	WT1_HUMAN	Wilms tumor protein (WT33)
P20042	IF2B_HUMAN	Eukaryotic translation initiation factor 2 subunit 2 (Eukaryotic translation initiation factor 2 subunit beta, eIF-2-beta)
P20226	TBP_HUMAN	TATA-box-binding protein (TATA sequence-binding protein) (TATA-binding factor) (TATA-box factor) (Transcription initiation factor TFIID TBP subunit)
P20340	RAB6A_HUMAN	Ras-related protein Rab-6A, Rab-6
P20674	COX5A_HUMAN	Cytochrome c oxidase subunit 5A, mitochondrial (Cytochrome c oxidase polypeptide Va)
P21333	FLNA_HUMAN	Filamin-A, FLN-A (Actin-binding protein 280, ABP-280) (Alpha-filamin) (Endothelial actin-binding protein) (Filamin-1) (Non-muscle filamin)
P21359	NF1_HUMAN	Neurofibromin (Neurofibromatosis-related protein NF-1) [Cleaved into: Neurofibromin truncated ]
P21673	SAT1_HUMAN	Diamine acetyltransferase 1, EC 2.3.1.57 (Polyamine N-acetyltransferase 1) (Putrescine acetyltransferase) (Spermidine/spermine N(1)-acetyltransferase 1, SSAT, SSAT-1)
P21796	VDAC1_HUMAN	Voltage-dependent anion-selective channel protein 1, VDAC-1, hVDAC1 (Outer mitochondrial membrane protein porin 1) (Plasmalemmal porin) (Porin 31HL) (Porin 31HM)
P21917	DRD4_HUMAN	D(4) dopamine receptor (D(2C) dopamine receptor) (Dopamine D4 receptor)
P21980	TGM2_HUMAN	Protein-glutamine gamma-glutamyltransferase 2, EC 2.3.2.13 (Erythrocyte transglutaminase) (Heart G alpha(h), hhG alpha(h)) (Isopeptidase TGM2, EC 3.4.-.-) (Protein G alpha(h), G(h)) (Protein-glutamine deamidase TGM2, EC 3.5.1.44) (Protein-glutamine dopaminyltransferase TGM2, EC 2.3.1.-) (Protein-glutamine histaminyltransferase TGM2, EC 2.3.1.-) (Protein-glutamine noradrenalinyltransferase TGM2, EC 2.3.1.-) (Protein-glutamine serotonyltransferase TGM2, EC 2.3.1.-) (Tissue transglutaminase, tTG, tTgase) (Transglutaminase C, TG(C), TGC, TGase C) (Transglutaminase H, TGase H) (Transglutaminase II, TGase II) (Transglutaminase-2, TG2, TGase-2, hTG2)
P22612	KAPCG_HUMAN	cAMP-dependent protein kinase catalytic subunit gamma, PKA C-gamma, EC 2.7.11.11
P22694	KAPCB_HUMAN	cAMP-dependent protein kinase catalytic subunit beta, PKA C-beta, EC 2.7.11.11
P23142	FBLN1_HUMAN	Fibulin-1, FIBL-1
P23443	KS6B1_HUMAN	Ribosomal protein S6 kinase beta-1, S6K-beta-1, S6K1, EC 2.7.11.1 (70 kDa ribosomal protein S6 kinase 1, P70S6K1, p70-S6K 1) (Ribosomal protein S6 kinase I) (Serine/threonine-protein kinase 14A) (p70 ribosomal S6 kinase alpha, p70 S6 kinase alpha, p70 S6K-alpha, p70 S6KA)
P23560	BDNF_HUMAN	Brain-derived neurotrophic factor, BDNF (Abrineurin) [Cleaved into: BDNF precursor form, ProBDNF ]
P25090	FPR2_HUMAN	N-formyl peptide receptor 2 (FMLP-related receptor I, FMLP-R-I) (Formyl peptide receptor-like 1) (HM63) (Lipoxin A4 receptor, LXA4 receptor) (RFP)
P25098	ARBK1_HUMAN	Beta-adrenergic receptor kinase 1, Beta-ARK-1, EC 2.7.11.15 (G-protein coupled receptor kinase 2)
P26378	ELAV4_HUMAN	ELAV-like protein 4 (Hu-antigen D, HuD) (Paraneoplastic encephalomyelitis antigen HuD)
P26441	CNTF_HUMAN	Ciliary neurotrophic factor, CNTF
P26927	HGFL_HUMAN	Hepatocyte growth factor-like protein (Macrophage stimulatory protein) (Macrophage-stimulating protein, MSP) [Cleaved into: Hepatocyte growth factor-like protein alpha chain; Hepatocyte growth factor-like protein beta chain ]
P27797	CALR_HUMAN	Calreticulin (CRP55) (Calregulin) (Endoplasmic reticulum resident protein 60, ERp60) (HACBP) (grp60)
P27824	CALX_HUMAN	Calnexin (IP90) (Major histocompatibility complex class I antigen-binding protein p88) (p90)
P27986	P85A_HUMAN	Phosphatidylinositol 3-kinase regulatory subunit alpha, PI3-kinase regulatory subunit alpha, PI3K regulatory subunit alpha, PtdIns-3-kinase regulatory subunit alpha (Phosphatidylinositol 3-kinase 85 kDa regulatory subunit alpha, PI3-kinase subunit p85-alpha, PtdIns-3-kinase regulatory subunit p85-alpha)
P28062	PSB8_HUMAN	Proteasome subunit beta type-8, EC 3.4.25.1 (Low molecular mass protein 7) (Macropain subunit C13) (Multicatalytic endopeptidase complex subunit C13) (Proteasome component C13) (Proteasome subunit beta-5i) (Really interesting new gene 10 protein)
P28482	MK01_HUMAN	Mitogen-activated protein kinase 1, MAP kinase 1, MAPK 1, EC 2.7.11.24 (ERT1) (Extracellular signal-regulated kinase 2, ERK-2) (MAP kinase isoform p42, p42-MAPK) (Mitogen-activated protein kinase 2, MAP kinase 2, MAPK 2)
P29353	SHC1_HUMAN	SHC-transforming protein 1 (SHC-transforming protein 3) (SHC-transforming protein A) (Src homology 2 domain-containing-transforming protein C1, SH2 domain protein C1)
P29400	CO4A5_HUMAN	Collagen alpha-5(IV) chain
P29466	CASP1_HUMAN	Caspase-1, CASP-1, EC 3.4.22.36 (Interleukin-1 beta convertase, IL-1BC) (Interleukin-1 beta-converting enzyme, ICE, IL-1 beta-converting enzyme) (p45) [Cleaved into: Caspase-1 subunit p20; Caspase-1 subunit p10 ]
P30101	PDIA3_HUMAN	Protein disulfide-isomerase A3, EC 5.3.4.1 (58 kDa glucose-regulated protein) (58 kDa microsomal protein, p58) (Disulfide isomerase ER-60) (Endoplasmic reticulum resident protein 57, ER protein 57, ERp57) (Endoplasmic reticulum resident protein 60, ER protein 60, ERp60)
P30405	PPIF_HUMAN	Peptidyl-prolyl cis-trans isomerase F, mitochondrial, PPIase F, EC 5.2.1.8 (Cyclophilin D, CyP-D, CypD) (Cyclophilin F) (Mitochondrial cyclophilin, CyP-M) (Rotamase F)
P30519	HMOX2_HUMAN	Heme oxygenase 2, HO-2, EC 1.14.14.18 [Cleaved into: Heme oxygenase 2 soluble form ]
P30533	AMRP_HUMAN	Alpha-2-macroglobulin receptor-associated protein, Alpha-2-MRAP (Low density lipoprotein receptor-related protein-associated protein 1, RAP)
P31146	COR1A_HUMAN	Coronin-1A (Coronin-like protein A, Clipin-A) (Coronin-like protein p57) (Tryptophan aspartate-containing coat protein, TACO)
P31946	1433B_HUMAN	14-3-3 protein beta/alpha (Protein 1054) (Protein kinase C inhibitor protein 1, KCIP-1) [Cleaved into: 14-3-3 protein beta/alpha, N-terminally processed ]
P32745	SSR3_HUMAN	Somatostatin receptor type 3, SS-3-R, SS3-R, SS3R, SST3 (SSR-28)
P33176	KINH_HUMAN	Kinesin-1 heavy chain (Conventional kinesin heavy chain) (Ubiquitous kinesin heavy chain, UKHC)
P35052	GPC1_HUMAN	Glypican-1 [Cleaved into: Secreted glypican-1 ]
P35613	BASI_HUMAN	Basigin (5F7) (Collagenase stimulatory factor) (Extracellular matrix metalloproteinase inducer, EMMPRIN) (Hepatoma-associated antigen, HAb18G) (Leukocyte activation antigen M6) (OK blood group antigen) (Tumor cell-derived collagenase stimulatory factor, TCSF) (CD antigen CD147)
P36507	MP2K2_HUMAN	Dual specificity mitogen-activated protein kinase kinase 2, MAP kinase kinase 2, MAPKK 2, EC 2.7.12.2 (ERK activator kinase 2) (MAPK/ERK kinase 2, MEK 2)
P36544	ACHA7_HUMAN	Neuronal acetylcholine receptor subunit alpha-7
P37840	SYUA_HUMAN	Alpha-synuclein (Non-A beta component of AD amyloid) (Non-A4 component of amyloid precursor, NACP)
P39060	COIA1_HUMAN	Collagen alpha-1(XVIII) chain [Cleaved into: Endostatin; Non-collagenous domain 1, NC1 ]
P40227	TCPZ_HUMAN	T-complex protein 1 subunit zeta, TCP-1-zeta (Acute morphine dependence-related protein 2) (CCT-zeta-1) (HTR3) (Tcp20)
P40763	STAT3_HUMAN	Signal transducer and activator of transcription 3 (Acute-phase response factor)
P40818	UBP8_HUMAN	Ubiquitin carboxyl-terminal hydrolase 8, EC 3.4.19.12 (Deubiquitinating enzyme 8) (Ubiquitin isopeptidase Y, hUBPy) (Ubiquitin thioesterase 8) (Ubiquitin-specific-processing protease 8)
P41227	NAA10_HUMAN	N-alpha-acetyltransferase 10, EC 2.3.1.255 (N-terminal acetyltransferase complex ARD1 subunit homolog A, hARD1) (NatA catalytic subunit Naa10)
P41236	IPP2_HUMAN	Protein phosphatase inhibitor 2, IPP-2
P41271	NBL1_HUMAN	Neuroblastoma suppressor of tumorigenicity 1 (DAN domain family member 1) (Protein N03) (Zinc finger protein DAN)
P41586	PACR_HUMAN	Pituitary adenylate cyclase-activating polypeptide type I receptor, PACAP type I receptor, PACAP-R-1, PACAP-R1
P42338	PK3CB_HUMAN	Phosphatidylinositol 4,5-bisphosphate 3-kinase catalytic subunit beta isoform, PI3-kinase subunit beta, PI3K-beta, PI3Kbeta, PtdIns-3-kinase subunit beta, EC 2.7.1.153 (Phosphatidylinositol 4,5-bisphosphate 3-kinase 110 kDa catalytic subunit beta, PtdIns-3-kinase subunit p110-beta, p110beta) (Serine/threonine protein kinase PIK3CB, EC 2.7.11.1)
P42574	CASP3_HUMAN	Caspase-3, CASP-3, EC 3.4.22.56 (Apopain) (Cysteine protease CPP32, CPP-32) (Protein Yama) (SREBP cleavage activity 1, SCA-1) [Cleaved into: Caspase-3 subunit p17; Caspase-3 subunit p12 ]
P42704	LPPRC_HUMAN	Leucine-rich PPR motif-containing protein, mitochondrial (130 kDa leucine-rich protein, LRP 130) (GP130)
P42773	CDN2C_HUMAN	Cyclin-dependent kinase 4 inhibitor C (Cyclin-dependent kinase 6 inhibitor) (p18-INK4c) (p18-INK6)
P42857	NSG1_HUMAN	Neuronal vesicle trafficking-associated protein 1 (Neuron-enriched endosomal protein of 21 kDa) (Neuron-specific protein family member 1)
P42858	HD_HUMAN	Huntingtin (Huntington disease protein, HD protein) [Cleaved into: Huntingtin, myristoylated N-terminal fragment ]
P43250	GRK6_HUMAN	G protein-coupled receptor kinase 6, EC 2.7.11.16 (G protein-coupled receptor kinase GRK6)
P43354	NR4A2_HUMAN	Nuclear receptor subfamily 4 group A member 2 (Immediate-early response protein NOT) (Orphan nuclear receptor NURR1) (Transcriptionally-inducible nuclear receptor)
P43405	KSYK_HUMAN	Tyrosine-protein kinase SYK, EC 2.7.10.2 (Spleen tyrosine kinase) (p72-Syk)
P43681	ACHA4_HUMAN	Neuronal acetylcholine receptor subunit alpha-4
P46089	GPR3_HUMAN	G-protein coupled receptor 3 (ACCA orphan receptor)
P46379	BAG6_HUMAN	Large proline-rich protein BAG6 (BAG family molecular chaperone regulator 6) (BCL2-associated athanogene 6, BAG-6) (HLA-B-associated transcript 3) (Protein G3) (Protein Scythe)
P46779	RL28_HUMAN	60S ribosomal protein L28 (Large ribosomal subunit protein eL28)
P48047	ATPO_HUMAN	ATP synthase subunit O, mitochondrial (ATP synthase peripheral stalk subunit OSCP) (Oligomycin sensitivity conferral protein, OSCP)
P48454	PP2BC_HUMAN	Serine/threonine-protein phosphatase 2B catalytic subunit gamma isoform, EC 3.1.3.16 (CAM-PRP catalytic subunit) (Calcineurin, testis-specific catalytic subunit) (Calmodulin-dependent calcineurin A subunit gamma isoform)
P48730	KC1D_HUMAN	Casein kinase I isoform delta, CKI-delta, CKId, EC 2.7.11.1 (Tau-protein kinase CSNK1D, EC 2.7.11.26)
P48736	PK3CG_HUMAN	Phosphatidylinositol 4,5-bisphosphate 3-kinase catalytic subunit gamma isoform, PI3-kinase subunit gamma, PI3K-gamma, PI3Kgamma, PtdIns-3-kinase subunit gamma, EC 2.7.1.137, EC 2.7.1.153, EC 2.7.1.154 (Phosphatidylinositol 4,5-bisphosphate 3-kinase 110 kDa catalytic subunit gamma, PtdIns-3-kinase subunit p110-gamma, p110gamma) (Phosphoinositide-3-kinase catalytic gamma polypeptide) (Serine/threonine protein kinase PIK3CG, EC 2.7.11.1) (p120-PI3K)
P49662	CASP4_HUMAN	Caspase-4, CASP-4, EC 3.4.22.57 (ICE and Ced-3 homolog 2, ICH-2) (ICE(rel)-II) (Mih1) (Protease TX) [Cleaved into: Caspase-4 subunit p10; Caspase-4 subunit p20 ]
P49711	CTCF_HUMAN	Transcriptional repressor CTCF (11-zinc finger protein) (CCCTC-binding factor) (CTCFL paralog)
P49755	TMEDA_HUMAN	Transmembrane emp24 domain-containing protein 10, Protein TMED10 (21 kDa transmembrane-trafficking protein) (S31I125) (S31III125) (Tmp-21-I) (Transmembrane protein Tmp21) (p23) (p24 family protein delta-1, p24delta1) (p24delta)
P49757	NUMB_HUMAN	Protein numb homolog, h-Numb (Protein S171)
P49768	PSN1_HUMAN	Presenilin-1, PS-1, EC 3.4.23.- (Protein S182) [Cleaved into: Presenilin-1 NTF subunit; Presenilin-1 CTF subunit; Presenilin-1 CTF12, PS1-CTF12 ]
P49810	PSN2_HUMAN	Presenilin-2, PS-2, EC 3.4.23.- (AD3LP) (AD5) (E5-1) (STM-2) [Cleaved into: Presenilin-2 NTF subunit; Presenilin-2 CTF subunit ]
P49840	GSK3A_HUMAN	Glycogen synthase kinase-3 alpha, GSK-3 alpha, EC 2.7.11.26 (Serine/threonine-protein kinase GSK3A, EC 2.7.11.1)
P49841	GSK3B_HUMAN	Glycogen synthase kinase-3 beta, GSK-3 beta, EC 2.7.11.26 (Serine/threonine-protein kinase GSK3B, EC 2.7.11.1)
P51572	BAP31_HUMAN	B-cell receptor-associated protein 31, BCR-associated protein 31, Bap31 (6C6-AG tumor-associated antigen) (Protein CDM) (p28)
P51693	APLP1_HUMAN	Amyloid beta precursor like protein 1 (Amyloid beta (A4) precursor-like protein 1) (Amyloid-like protein 1, APLP, APLP-1) [Cleaved into: C30 ]
P52888	THOP1_HUMAN	Thimet oligopeptidase, EC 3.4.24.15 (Endopeptidase 24.15) (MP78)
P53350	PLK1_HUMAN	Serine/threonine-protein kinase PLK1, EC 2.7.11.21 (Polo-like kinase 1, PLK-1) (Serine/threonine-protein kinase 13, STPK13)
P53778	MK12_HUMAN	Mitogen-activated protein kinase 12, MAP kinase 12, MAPK 12, EC 2.7.11.24 (Extracellular signal-regulated kinase 6, ERK-6) (Mitogen-activated protein kinase p38 gamma, MAP kinase p38 gamma) (Stress-activated protein kinase 3)
P53779	MK10_HUMAN	Mitogen-activated protein kinase 10, MAP kinase 10, MAPK 10, EC 2.7.11.24 (MAP kinase p49 3F12) (Stress-activated protein kinase 1b, SAPK1b) (Stress-activated protein kinase JNK3) (c-Jun N-terminal kinase 3)
P54253	ATX1_HUMAN	Ataxin-1 (Spinocerebellar ataxia type 1 protein)
P54257	HAP1_HUMAN	Huntingtin-associated protein 1, HAP-1 (Neuroan 1)
P55087	AQP4_HUMAN	Aquaporin-4, AQP-4 (Mercurial-insensitive water channel, MIWC) (WCH4)
P56211	ARP19_HUMAN	cAMP-regulated phosphoprotein 19, ARPP-19
P56817	BACE1_HUMAN	Beta-secretase 1, EC 3.4.23.46 (Aspartyl protease 2, ASP2, Asp 2) (Beta-site amyloid precursor protein cleaving enzyme 1, Beta-site APP cleaving enzyme 1) (Memapsin-2) (Membrane-associated aspartic protease 2)
P60201	MYPR_HUMAN	Myelin proteolipid protein, PLP (Lipophilin)
P60709	ACTB_HUMAN	Actin, cytoplasmic 1 (Beta-actin) [Cleaved into: Actin, cytoplasmic 1, N-terminally processed ]
P60891	PRPS1_HUMAN	Ribose-phosphate pyrophosphokinase 1, EC 2.7.6.1 (PPRibP) (Phosphoribosyl pyrophosphate synthase I, PRS-I)
P61158	ARP3_HUMAN	Actin-related protein 3 (Actin-like protein 3)
P61204	ARF3_HUMAN	ADP-ribosylation factor 3
P61278	SMS_HUMAN	Somatostatin (Growth hormone release-inhibiting factor) [Cleaved into: Somatostatin-28; Somatostatin-14, SST-14; Neuronostatin, NST ]
P61457	PHS_HUMAN	Pterin-4-alpha-carbinolamine dehydratase, PHS, EC 4.2.1.96 (4-alpha-hydroxy-tetrahydropterin dehydratase) (Dimerization cofactor of hepatocyte nuclear factor 1-alpha, DCoH, Dimerization cofactor of HNF1) (Phenylalanine hydroxylase-stimulating protein) (Pterin carbinolamine dehydratase, PCD)
P61586	RHOA_HUMAN	Transforming protein RhoA, EC 3.6.5.2 (Rho cDNA clone 12, h12)
P61764	STXB1_HUMAN	Syntaxin-binding protein 1 (MUNC18-1) (N-Sec1) (Protein unc-18 homolog 1, Unc18-1) (Protein unc-18 homolog A, Unc-18A) (p67)
P61812	TGFB2_HUMAN	Transforming growth factor beta-2 proprotein (Cetermin) (Glioblastoma-derived T-cell suppressor factor, G-TSF) [Cleaved into: Latency-associated peptide, LAP; Transforming growth factor beta-2, TGF-beta-2 ]
P62136	PP1A_HUMAN	Serine/threonine-protein phosphatase PP1-alpha catalytic subunit, PP-1A, EC 3.1.3.16
P62328	TYB4_HUMAN	Thymosin beta-4, T beta-4 (Fx) [Cleaved into: Hemoregulatory peptide AcSDKP (Ac-Ser-Asp-Lys-Pro) (N-acetyl-SDKP, AcSDKP) (Seraspenide) ]
P62837	UB2D2_HUMAN	Ubiquitin-conjugating enzyme E2 D2, EC 2.3.2.23 ((E3-independent) E2 ubiquitin-conjugating enzyme D2, EC 2.3.2.24) (E2 ubiquitin-conjugating enzyme D2) (Ubiquitin carrier protein D2) (Ubiquitin-conjugating enzyme E2(17)KB 2) (Ubiquitin-conjugating enzyme E2-17 kDa 2) (Ubiquitin-protein ligase D2) (p53-regulated ubiquitin-conjugating enzyme 1)
P62937	PPIA_HUMAN	Peptidyl-prolyl cis-trans isomerase A, PPIase A, EC 5.2.1.8 (Cyclophilin A) (Cyclosporin A-binding protein) (Rotamase A) [Cleaved into: Peptidyl-prolyl cis-trans isomerase A, N-terminally processed ]
P62942	FKB1A_HUMAN	Peptidyl-prolyl cis-trans isomerase FKBP1A, PPIase FKBP1A, EC 5.2.1.8 (12 kDa FK506-binding protein, 12 kDa FKBP, FKBP-12) (Calstabin-1) (FK506-binding protein 1A, FKBP-1A) (Immunophilin FKBP12) (Rotamase)
P63000	RAC1_HUMAN	Ras-related C3 botulinum toxin substrate 1, EC 3.6.5.2 (Cell migration-inducing gene 5 protein) (Ras-like protein TC25) (p21-Rac1)
P63010	AP2B1_HUMAN	AP-2 complex subunit beta (AP105B) (Adaptor protein complex AP-2 subunit beta) (Adaptor-related protein complex 2 subunit beta) (Beta-2-adaptin) (Beta-adaptin) (Clathrin assembly protein complex 2 beta large chain) (Plasma membrane adaptor HA2/AP2 adaptin beta subunit)
P63151	2ABA_HUMAN	Serine/threonine-protein phosphatase 2A 55 kDa regulatory subunit B alpha isoform (PP2A subunit B isoform B55-alpha) (PP2A subunit B isoform PR55-alpha) (PP2A subunit B isoform R2-alpha) (PP2A subunit B isoform alpha)
P67775	PP2AA_HUMAN	Serine/threonine-protein phosphatase 2A catalytic subunit alpha isoform, PP2A-alpha, EC 3.1.3.16 (Replication protein C, RP-C)
P68363	TBA1B_HUMAN	Tubulin alpha-1B chain (Alpha-tubulin ubiquitous) (Tubulin K-alpha-1) (Tubulin alpha-ubiquitous chain) [Cleaved into: Detyrosinated tubulin alpha-1B chain ]
P68366	TBA4A_HUMAN	Tubulin alpha-4A chain (Alpha-tubulin 1) (Testis-specific alpha-tubulin) (Tubulin H2-alpha) (Tubulin alpha-1 chain)
P68400	CSK21_HUMAN	Casein kinase II subunit alpha, CK II alpha, EC 2.7.11.1
P83916	CBX1_HUMAN	Chromobox protein homolog 1 (HP1Hsbeta) (Heterochromatin protein 1 homolog beta, HP1 beta) (Heterochromatin protein p25) (M31) (Modifier 1 protein) (p25beta)
P84022	SMAD3_HUMAN	Mothers against decapentaplegic homolog 3, MAD homolog 3, Mad3, Mothers against DPP homolog 3, hMAD-3 (JV15-2) (SMAD family member 3, SMAD 3, Smad3, hSMAD3)
P98082	DAB2_HUMAN	Disabled homolog 2 (Adaptor molecule disabled-2) (Differentially expressed in ovarian carcinoma 2, DOC-2) (Differentially-expressed protein 2)
P98164	LRP2_HUMAN	Low-density lipoprotein receptor-related protein 2, LRP-2 (Glycoprotein 330, gp330) (Megalin)
P99999	CYC_HUMAN	Cytochrome c
Q00005	2ABB_HUMAN	Serine/threonine-protein phosphatase 2A 55 kDa regulatory subunit B beta isoform (PP2A subunit B isoform B55-beta) (PP2A subunit B isoform PR55-beta) (PP2A subunit B isoform R2-beta) (PP2A subunit B isoform beta)
Q00266	METK1_HUMAN	S-adenosylmethionine synthase isoform type-1, AdoMet synthase 1, EC 2.5.1.6 (Methionine adenosyltransferase 1, MAT 1) (Methionine adenosyltransferase I/III, MAT-I/III)
Q00403	TF2B_HUMAN	Transcription initiation factor IIB, EC 2.3.1.48 (General transcription factor TFIIB) (S300-II)
Q00535	CDK5_HUMAN	Cyclin-dependent kinase 5, EC 2.7.11.1 (Cell division protein kinase 5) (Cyclin-dependent-like kinase 5) (Serine/threonine-protein kinase PSSALRE) (Tau protein kinase II catalytic subunit, TPKII catalytic subunit)
Q01094	E2F1_HUMAN	Transcription factor E2F1, E2F-1 (PBR3) (Retinoblastoma-associated protein 1, RBAP-1) (Retinoblastoma-binding protein 3, RBBP-3) (pRB-binding protein E2F-1)
Q01658	NC2B_HUMAN	Protein Dr1 (Down-regulator of transcription 1) (Negative cofactor 2-beta, NC2-beta) (TATA-binding protein-associated phosphoprotein)
Q02156	KPCE_HUMAN	Protein kinase C epsilon type, EC 2.7.11.13 (nPKC-epsilon)
Q02246	CNTN2_HUMAN	Contactin-2 (Axonal glycoprotein TAG-1) (Axonin-1) (Transient axonal glycoprotein 1, TAX-1)
Q02410	APBA1_HUMAN	Amyloid-beta A4 precursor protein-binding family A member 1 (Adapter protein X11alpha) (Neuron-specific X11 protein) (Neuronal Munc18-1-interacting protein 1, Mint-1)
Q02818	NUCB1_HUMAN	Nucleobindin-1 (CALNUC)
Q03013	GSTM4_HUMAN	Glutathione S-transferase Mu 4, EC 2.5.1.18 (GST class-mu 4) (GST-Mu2) (GSTM4-4) (Leukotriene C4 synthase GSTM4, EC 4.4.1.20)
Q03135	CAV1_HUMAN	Caveolin-1
Q05586	NMDZ1_HUMAN	Glutamate receptor ionotropic, NMDA 1, GluN1 (Glutamate [NMDA] receptor subunit zeta-1) (N-methyl-D-aspartate receptor subunit NR1, NMD-R1)
Q05655	KPCD_HUMAN	Protein kinase C delta type, EC 2.7.11.13 (Tyrosine-protein kinase PRKCD, EC 2.7.10.2) (nPKC-delta) [Cleaved into: Protein kinase C delta type regulatory subunit; Protein kinase C delta type catalytic subunit (Sphingosine-dependent protein kinase-1, SDK1) ]
Q05BL1	Q05BL1_HUMAN	TP53BP2 protein
Q06481	APLP2_HUMAN	Amyloid beta precursor like protein 2 (APPH) (Amyloid beta (A4) precursor-like protein 2) (Amyloid protein homolog) (Amyloid-like protein 2, APLP-2) (CDEI box-binding protein, CDEBP) (Sperm membrane protein YWK-II)
Q07866	KLC1_HUMAN	Kinesin light chain 1, KLC 1
Q07954	LRP1_HUMAN	Prolow-density lipoprotein receptor-related protein 1, LRP-1 (Alpha-2-macroglobulin receptor, A2MR) (Apolipoprotein E receptor, APOER) (CD antigen CD91) [Cleaved into: Low-density lipoprotein receptor-related protein 1 85 kDa subunit, LRP-85; Low-density lipoprotein receptor-related protein 1 515 kDa subunit, LRP-515; Low-density lipoprotein receptor-related protein 1 intracellular domain, LRPICD ]
Q08722	CD47_HUMAN	Leukocyte surface antigen CD47 (Antigenic surface determinant protein OA3) (Integrin-associated protein, IAP) (Protein MER6) (CD antigen CD47)
Q08752	PPID_HUMAN	Peptidyl-prolyl cis-trans isomerase D, PPIase D, EC 5.2.1.8 (40 kDa peptidyl-prolyl cis-trans isomerase) (Cyclophilin-40, CYP-40) (Cyclophilin-related protein) (Rotamase D)
Q09327	MGAT3_HUMAN	Beta-1,4-mannosyl-glycoprotein 4-beta-N-acetylglucosaminyltransferase, EC 2.4.1.144 (N-glycosyl-oligosaccharide-glycoprotein N-acetylglucosaminyltransferase III, GNT-III, GlcNAc-T III, N-acetylglucosaminyltransferase III)
Q0P5N6	ARL16_HUMAN	ADP-ribosylation factor-like protein 16
Q10567	AP1B1_HUMAN	AP-1 complex subunit beta-1 (Adaptor protein complex AP-1 subunit beta-1) (Adaptor-related protein complex 1 subunit beta-1) (Beta-1-adaptin) (Beta-adaptin 1) (Clathrin assembly protein complex 1 beta large chain) (Golgi adaptor HA1/AP1 adaptin beta subunit)
Q12852	M3K12_HUMAN	Mitogen-activated protein kinase kinase kinase 12, EC 2.7.11.25 (Dual leucine zipper bearing kinase, DLK) (Leucine-zipper protein kinase, ZPK) (MAPK-upstream kinase, MUK) (Mixed lineage kinase)
Q12891	HYAL2_HUMAN	Hyaluronidase-2, Hyal-2, EC 3.2.1.35 (Hyaluronoglucosaminidase-2) (Lung carcinoma protein 2, LuCa-2)
Q13113	PDZ1I_HUMAN	PDZK1-interacting protein 1 (17 kDa membrane-associated protein) (Protein DD96)
Q13131	AAPK1_HUMAN	5'-AMP-activated protein kinase catalytic subunit alpha-1, AMPK subunit alpha-1, EC 2.7.11.1 (Acetyl-CoA carboxylase kinase, ACACA kinase, EC 2.7.11.27) (Hydroxymethylglutaryl-CoA reductase kinase, HMGCR kinase, EC 2.7.11.31) (Tau-protein kinase PRKAA1, EC 2.7.11.26)
Q13148	TADBP_HUMAN	TAR DNA-binding protein 43, TDP-43
Q13155	AIMP2_HUMAN	Aminoacyl tRNA synthase complex-interacting multifunctional protein 2 (Multisynthase complex auxiliary component p38) (Protein JTV-1)
Q13190	STX5_HUMAN	Syntaxin-5
Q13286	CLN3_HUMAN	Battenin (Batten disease protein) (Protein CLN3)
Q13303	KCAB2_HUMAN	Voltage-gated potassium channel subunit beta-2, EC 1.1.1.- (K(+) channel subunit beta-2) (Kv-beta-2, hKvbeta2)
Q13310	PABP4_HUMAN	Polyadenylate-binding protein 4, PABP-4, Poly(A)-binding protein 4 (Activated-platelet protein 1, APP-1) (Inducible poly(A)-binding protein, iPABP)
Q13367	AP3B2_HUMAN	AP-3 complex subunit beta-2 (Adaptor protein complex AP-3 subunit beta-2) (Adaptor-related protein complex 3 subunit beta-2) (Beta-3B-adaptin) (Clathrin assembly protein complex 3 beta-2 large chain) (Neuron-specific vesicle coat protein beta-NAP)
Q13387	JIP2_HUMAN	C-Jun-amino-terminal kinase-interacting protein 2, JIP-2, JNK-interacting protein 2 (Islet-brain-2, IB-2) (JNK MAP kinase scaffold protein 2) (Mitogen-activated protein kinase 8-interacting protein 2)
Q13393	PLD1_HUMAN	Phospholipase D1, PLD 1, hPLD1, EC 3.1.4.4 (Choline phosphatase 1) (Phosphatidylcholine-hydrolyzing phospholipase D1)
Q13443	ADAM9_HUMAN	Disintegrin and metalloproteinase domain-containing protein 9, ADAM 9, EC 3.4.24.- (Cellular disintegrin-related protein) (Meltrin-gamma) (Metalloprotease/disintegrin/cysteine-rich protein 9) (Myeloma cell metalloproteinase)
Q13485	SMAD4_HUMAN	Mothers against decapentaplegic homolog 4, MAD homolog 4, Mothers against DPP homolog 4 (Deletion target in pancreatic carcinoma 4) (SMAD family member 4, SMAD 4, Smad4, hSMAD4)
Q13492	PICAL_HUMAN	Phosphatidylinositol-binding clathrin assembly protein (Clathrin assembly lymphoid myeloid leukemia protein)
Q13501	SQSTM_HUMAN	Sequestosome-1 (EBI3-associated protein of 60 kDa, EBIAP, p60) (Phosphotyrosine-independent ligand for the Lck SH2 domain of 62 kDa) (Ubiquitin-binding protein p62)
Q13526	PIN1_HUMAN	Peptidyl-prolyl cis-trans isomerase NIMA-interacting 1, EC 5.2.1.8 (Peptidyl-prolyl cis-trans isomerase Pin1, PPIase Pin1) (Rotamase Pin1)
Q13561	DCTN2_HUMAN	Dynactin subunit 2 (50 kDa dynein-associated polypeptide) (Dynactin complex 50 kDa subunit, DCTN-50) (p50 dynamitin)
Q13564	ULA1_HUMAN	NEDD8-activating enzyme E1 regulatory subunit (Amyloid beta precursor protein-binding protein 1, 59 kDa, APP-BP1) (Amyloid protein-binding protein 1) (Proto-oncogene protein 1)
Q13625	ASPP2_HUMAN	Apoptosis-stimulating of p53 protein 2 (Bcl2-binding protein, Bbp) (Renal carcinoma antigen NY-REN-51) (Tumor suppressor p53-binding protein 2, 53BP2, p53-binding protein 2, p53BP2)
Q13765	NACA_HUMAN	Nascent polypeptide-associated complex subunit alpha, NAC-alpha (Alpha-NAC) (allergen Hom s 2)
Q13867	BLMH_HUMAN	Bleomycin hydrolase, BH, BLM hydrolase, BMH, EC 3.4.22.40
Q14031	CO4A6_HUMAN	Collagen alpha-6(IV) chain
Q14203	DCTN1_HUMAN	Dynactin subunit 1 (150 kDa dynein-associated polypeptide) (DAP-150, DP-150) (p135) (p150-glued)
Q14289	FAK2_HUMAN	Protein-tyrosine kinase 2-beta, EC 2.7.10.2 (Calcium-dependent tyrosine kinase, CADTK) (Calcium-regulated non-receptor proline-rich tyrosine kinase) (Cell adhesion kinase beta, CAK-beta, CAKB) (Focal adhesion kinase 2, FADK 2) (Proline-rich tyrosine kinase 2) (Related adhesion focal tyrosine kinase, RAFTK)
Q14624	ITIH4_HUMAN	Inter-alpha-trypsin inhibitor heavy chain H4, ITI heavy chain H4, ITI-HC4, Inter-alpha-inhibitor heavy chain 4 (Inter-alpha-trypsin inhibitor family heavy chain-related protein, IHRP) (Plasma kallikrein sensitive glycoprotein 120, Gp120, PK-120) [Cleaved into: 70 kDa inter-alpha-trypsin inhibitor heavy chain H4; 35 kDa inter-alpha-trypsin inhibitor heavy chain H4 ]
Q14669	TRIPC_HUMAN	E3 ubiquitin-protein ligase TRIP12, EC 2.3.2.26 (E3 ubiquitin-protein ligase for Arf, ULF) (HECT-type E3 ubiquitin transferase TRIP12) (Thyroid receptor-interacting protein 12, TR-interacting protein 12, TRIP-12)
Q14790	CASP8_HUMAN	Caspase-8, CASP-8, EC 3.4.22.61 (Apoptotic cysteine protease) (Apoptotic protease Mch-5) (CAP4) (FADD-homologous ICE/ced-3-like protease) (FADD-like ICE, FLICE) (ICE-like apoptotic protease 5) (MORT1-associated ced-3 homolog, MACH) [Cleaved into: Caspase-8 subunit p18; Caspase-8 subunit p10 ]
Q14934	NFAC4_HUMAN	Nuclear factor of activated T-cells, cytoplasmic 4, NF-ATc4, NFATc4 (T-cell transcription factor NFAT3, NF-AT3)
Q15019	SEPT2_HUMAN	Septin-2 (Neural precursor cell expressed developmentally down-regulated protein 5, NEDD-5)
Q15036	SNX17_HUMAN	Sorting nexin-17
Q15084	PDIA6_HUMAN	Protein disulfide-isomerase A6, EC 5.3.4.1 (Endoplasmic reticulum protein 5, ER protein 5, ERp5) (Protein disulfide isomerase P5) (Thioredoxin domain-containing protein 7)
Q15109	RAGE_HUMAN	Advanced glycosylation end product-specific receptor (Receptor for advanced glycosylation end products)
Q15113	PCOC1_HUMAN	Procollagen C-endopeptidase enhancer 1 (Procollagen COOH-terminal proteinase enhancer 1, PCPE-1, Procollagen C-proteinase enhancer 1) (Type 1 procollagen C-proteinase enhancer protein) (Type I procollagen COOH-terminal proteinase enhancer)
Q15118	PDK1_HUMAN	[Pyruvate dehydrogenase (acetyl-transferring)] kinase isozyme 1, mitochondrial, EC 2.7.11.2 (Pyruvate dehydrogenase kinase isoform 1, PDH kinase 1)
Q15172	2A5A_HUMAN	Serine/threonine-protein phosphatase 2A 56 kDa regulatory subunit alpha isoform (PP2A B subunit isoform B'-alpha) (PP2A B subunit isoform B56-alpha) (PP2A B subunit isoform PR61-alpha, PR61alpha) (PP2A B subunit isoform R5-alpha)
Q15349	KS6A2_HUMAN	Ribosomal protein S6 kinase alpha-2, S6K-alpha-2, EC 2.7.11.1 (90 kDa ribosomal protein S6 kinase 2, p90-RSK 2, p90RSK2) (MAP kinase-activated protein kinase 1c, MAPK-activated protein kinase 1c, MAPKAP kinase 1c, MAPKAPK-1c) (Ribosomal S6 kinase 3, RSK-3) (pp90RSK3)
Q15583	TGIF1_HUMAN	Homeobox protein TGIF1 (5'-TG-3'-interacting factor 1)
Q15714	T22D1_HUMAN	TSC22 domain family protein 1 (Cerebral protein 2) (Regulatory protein TSC-22) (TGFB-stimulated clone 22 homolog) (Transforming growth factor beta-1-induced transcript 4 protein)
Q16082	HSPB2_HUMAN	Heat shock protein beta-2, HspB2 (DMPK-binding protein, MKBP)
Q16143	SYUB_HUMAN	Beta-synuclein
Q16352	AINX_HUMAN	Alpha-internexin, Alpha-Inx (66 kDa neurofilament protein, NF-66, Neurofilament-66) (Neurofilament 5)
Q16363	LAMA4_HUMAN	Laminin subunit alpha-4 (Laminin-14 subunit alpha) (Laminin-8 subunit alpha) (Laminin-9 subunit alpha)
Q16512	PKN1_HUMAN	Serine/threonine-protein kinase N1, EC 2.7.11.13 (Protease-activated kinase 1, PAK-1) (Protein kinase C-like 1) (Protein kinase C-like PKN) (Protein kinase PKN-alpha) (Protein-kinase C-related kinase 1) (Serine-threonine protein kinase N)
Q16643	DREB_HUMAN	Drebrin (Developmentally-regulated brain protein)
Q16650	TBR1_HUMAN	T-box brain protein 1, T-brain-1, TBR-1 (TES-56)
Q16740	CLPP_HUMAN	ATP-dependent Clp protease proteolytic subunit, mitochondrial, EC 3.4.21.92 (Endopeptidase Clp)
Q16769	QPCT_HUMAN	Glutaminyl-peptide cyclotransferase, EC 2.3.2.5 (Glutaminyl cyclase, QC, sQC) (Glutaminyl-tRNA cyclotransferase) (Glutamyl cyclase, EC)
Q16828	DUS6_HUMAN	Dual specificity protein phosphatase 6, EC 3.1.3.16, EC 3.1.3.48 (Dual specificity protein phosphatase PYST1) (Mitogen-activated protein kinase phosphatase 3, MAP kinase phosphatase 3, MKP-3)
Q2NKQ1	SGSM1_HUMAN	Small G protein signaling modulator 1 (RUN and TBC1 domain-containing protein 2)
Q3B7T1	EDRF1_HUMAN	Erythroid differentiation-related factor 1
Q5D1E8	ZC12A_HUMAN	Endoribonuclease ZC3H12A, EC 3.1.-.- (Monocyte chemotactic protein-induced protein 1, MCP-induced protein 1, MCPIP-1) (Regnase-1, Reg1) (Zinc finger CCCH domain-containing protein 12A)
Q5HYA8	MKS3_HUMAN	Meckelin (Meckel syndrome type 3 protein) (Transmembrane protein 67)
Q5IJ48	CRUM2_HUMAN	Protein crumbs homolog 2 (Crumbs-like protein 2)
Q5JRX3	PREP_HUMAN	Presequence protease, mitochondrial, hPreP, EC 3.4.24.- (Pitrilysin metalloproteinase 1, Metalloprotease 1, hMP1)
Q5S007	LRRK2_HUMAN	Leucine-rich repeat serine/threonine-protein kinase 2, EC 2.7.11.1, EC 3.6.5.- (Dardarin)
Q6AZY7	SCAR3_HUMAN	Scavenger receptor class A member 3 (Cellular stress response gene protein)
Q6DN90	IQEC1_HUMAN	IQ motif and SEC7 domain-containing protein 1 (ADP-ribosylation factors guanine nucleotide-exchange protein 100) (ADP-ribosylation factors guanine nucleotide-exchange protein 2) (Brefeldin-resistant Arf-GEF 2 protein, BRAG2)
Q6ZNA4	RN111_HUMAN	E3 ubiquitin-protein ligase Arkadia, EC 2.3.2.27 (RING finger protein 111, hRNF111) (RING-type E3 ubiquitin transferase Arkadia)
Q6ZW49	PAXI1_HUMAN	PAX-interacting protein 1 (PAX transactivation activation domain-interacting protein)
Q71U36	TBA1A_HUMAN	Tubulin alpha-1A chain (Alpha-tubulin 3) (Tubulin B-alpha-1) (Tubulin alpha-3 chain) [Cleaved into: Detyrosinated tubulin alpha-1A chain ]
Q7LC44	ARC_HUMAN	Activity-regulated cytoskeleton-associated protein, hArc (Activity-regulated gene 3.1 protein homolog, ARC/ARG3.1, Arg3.1)
Q7Z2H8	S36A1_HUMAN	Proton-coupled amino acid transporter 1, Proton/amino acid transporter 1, hPAT1 (Solute carrier family 36 member 1)
Q7Z6G8	ANS1B_HUMAN	Ankyrin repeat and sterile alpha motif domain-containing protein 1B (Amyloid-beta protein intracellular domain-associated protein 1, AIDA-1) (E2A-PBX1-associated protein, EB-1)
Q86V28	Q86V28_HUMAN	AP-1 complex subunit gamma
Q86YD5	LRAD3_HUMAN	Low-density lipoprotein receptor class A domain-containing protein 3, LDLR class A domain-containing protein 3
Q8IU99	CAHM1_HUMAN	Calcium homeostasis modulator protein 1 (Protein FAM26C)
Q8IUQ4	SIAH1_HUMAN	E3 ubiquitin-protein ligase SIAH1, EC 2.3.2.27 (RING-type E3 ubiquitin transferase SIAH1) (Seven in absentia homolog 1, Siah-1) (Siah-1a)
Q8IUW3	SPA2L_HUMAN	Spermatogenesis-associated protein 2-like protein, SPATA2-like protein
Q8IV08	PLD3_HUMAN	5'-3' exonuclease PLD3, EC 3.1.16.1 (Choline phosphatase 3) (HindIII K4L homolog) (Hu-K4) (Phosphatidylcholine-hydrolyzing phospholipase D3) (Phospholipase D3, PLD 3)
Q8IVG9	HUNIN_HUMAN	Humanin (Humanin mitochondrial, HNM)
Q8IWL8	STH_HUMAN	Saitohin
Q8IZY2	ABCA7_HUMAN	Phospholipid-transporting ATPase ABCA7, EC 7.6.2.1 (ABCA-SSN) (ATP-binding cassette sub-family A member 7) (Autoantigen SS-N) (Macrophage ABC transporter)
Q8N2W9	PIAS4_HUMAN	E3 SUMO-protein ligase PIAS4, EC 2.3.2.27 (PIASy) (Protein inhibitor of activated STAT protein 4) (Protein inhibitor of activated STAT protein gamma, PIAS-gamma)
Q8N423	LIRB2_HUMAN	Leukocyte immunoglobulin-like receptor subfamily B member 2, LIR-2, Leukocyte immunoglobulin-like receptor 2 (CD85 antigen-like family member D) (Immunoglobulin-like transcript 4, ILT-4) (Monocyte/macrophage immunoglobulin-like receptor 10, MIR-10) (CD antigen CD85d)
Q8N594	MPND_HUMAN	MPN domain-containing protein, EC 3.4.-.-
Q8N6L1	KTAP2_HUMAN	Keratinocyte-associated protein 2, KCP-2 (Dolichyl-diphosphooligosaccharide--protein glycosyltransferase subunit KCP2, Oligosaccharyl transferase subunit KCP2)
Q8N895	ZN366_HUMAN	Zinc finger protein 366 (Dendritic cell-specific transcript protein, DC-SCRIPT)
Q8TBC4	UBA3_HUMAN	NEDD8-activating enzyme E1 catalytic subunit, EC 6.2.1.64 (NEDD8-activating enzyme E1C) (Ubiquitin-activating enzyme E1C) (Ubiquitin-like modifier-activating enzyme 3, Ubiquitin-activating enzyme 3)
Q8TDB4	HUMMR_HUMAN	Protein MGARP (Corneal endothelium-specific protein 1, CESP-1) (Hypoxia up-regulated mitochondrial movement regulator protein) (Mitochondria-localized glutamic acid-rich protein) (Ovary-specific acidic protein)
Q8WTV0	SCRB1_HUMAN	Scavenger receptor class B member 1, SRB1 (CD36 and LIMPII analogous 1, CLA-1) (CD36 antigen-like 1) (Collagen type I receptor, thrombospondin receptor-like 1) (SR-BI) (CD antigen CD36)
Q8WUB8	PHF10_HUMAN	PHD finger protein 10 (BRG1-associated factor 45a, BAF45a) (XAP135)
Q8WV41	SNX33_HUMAN	Sorting nexin-33 (SH3 and PX domain-containing protein 3)
Q8WW43	APH1B_HUMAN	Gamma-secretase subunit APH-1B, APH-1b (Aph-1beta) (Presenilin-stabilization factor-like)
Q92529	SHC3_HUMAN	SHC-transforming protein 3 (Neuronal Shc, N-Shc) (Protein Rai) (SHC-transforming protein C) (Src homology 2 domain-containing-transforming protein C3, SH2 domain protein C3)
Q92542	NICA_HUMAN	Nicastrin
Q92599	SEPT8_HUMAN	Septin-8
Q92624	APBP2_HUMAN	Amyloid protein-binding protein 2 (Amyloid beta precursor protein-binding protein 2, APP-BP2) (Protein interacting with APP tail 1)
Q92673	SORL_HUMAN	Sortilin-related receptor (Low-density lipoprotein receptor relative with 11 ligand-binding repeats, LDLR relative with 11 ligand-binding repeats, LR11) (SorLA-1) (Sorting protein-related receptor containing LDLR class A repeats, SorLA)
Q92870	APBB2_HUMAN	Amyloid beta precursor protein binding family B member 2 (Amyloid-beta (A4) precursor protein-binding family B member 2) (Protein Fe65-like 1)
Q92876	KLK6_HUMAN	Kallikrein-6, EC 3.4.21.- (Neurosin) (Protease M) (SP59) (Serine protease 18) (Serine protease 9) (Zyme)
Q92915	FGF14_HUMAN	Fibroblast growth factor 14, FGF-14 (Fibroblast growth factor homologous factor 4, FHF-4)
Q92934	BAD_HUMAN	Bcl2-associated agonist of cell death, BAD (Bcl-2-binding component 6) (Bcl-2-like protein 8, Bcl2-L-8) (Bcl-xL/Bcl-2-associated death promoter) (Bcl2 antagonist of cell death)
Q92993	KAT5_HUMAN	Histone acetyltransferase KAT5, EC 2.3.1.48 (60 kDa Tat-interactive protein, Tip60) (Histone acetyltransferase HTATIP, HIV-1 Tat interactive protein) (Lysine acetyltransferase 5) (Protein 2-hydroxyisobutyryltransferase KAT5, EC 2.3.1.-) (Protein acetyltransferase KAT5, EC 2.3.1.-) (Protein crotonyltransferase KAT5, EC 2.3.1.-) (cPLA(2)-interacting protein)
Q92997	DVL3_HUMAN	Segment polarity protein dishevelled homolog DVL-3, Dishevelled-3 (DSH homolog 3)
Q93074	MED12_HUMAN	Mediator of RNA polymerase II transcription subunit 12 (Activator-recruited cofactor 240 kDa component, ARC240) (CAG repeat protein 45) (Mediator complex subunit 12) (OPA-containing protein) (Thyroid hormone receptor-associated protein complex 230 kDa component, Trap230) (Trinucleotide repeat-containing gene 11 protein)
Q96A83	COQA1_HUMAN	Collagen alpha-1(XXVI) chain (Alpha-1 type XXVI collagen) (EMI domain-containing protein 2) (Emilin and multimerin domain-containing protein 2, Emu2)
Q96AX1	VP33A_HUMAN	Vacuolar protein sorting-associated protein 33A, hVPS33A
Q96BI3	APH1A_HUMAN	Gamma-secretase subunit APH-1A, APH-1a (Aph-1alpha) (Presenilin-stabilization factor)
Q96FE5	LIGO1_HUMAN	Leucine-rich repeat and immunoglobulin-like domain-containing nogo receptor-interacting protein 1 (Leucine-rich repeat and immunoglobulin domain-containing protein 1) (Leucine-rich repeat neuronal protein 1) (Leucine-rich repeat neuronal protein 6A)
Q96FW1	OTUB1_HUMAN	Ubiquitin thioesterase OTUB1, EC 3.4.19.12 (Deubiquitinating enzyme OTUB1) (OTU domain-containing ubiquitin aldehyde-binding protein 1) (Otubain-1, hOTU1) (Ubiquitin-specific-processing protease OTUB1)
Q96GM8	TOE1_HUMAN	Target of EGR1 protein 1
Q96GW7	PGCB_HUMAN	Brevican core protein (Brain-enriched hyaluronan-binding protein, BEHAB) (Chondroitin sulfate proteoglycan 7)
Q96IZ0	PAWR_HUMAN	PRKC apoptosis WT1 regulator protein (Prostate apoptosis response 4 protein, Par-4)
Q96L34	MARK4_HUMAN	MAP/microtubule affinity-regulating kinase 4, EC 2.7.11.1 (MAP/microtubule affinity-regulating kinase-like 1)
Q96P71	NECA3_HUMAN	N-terminal EF-hand calcium-binding protein 3 (Amyloid-beta A4 protein-binding family A member 2-binding protein) (Nek2-interacting protein 1) (Neuronal calcium-binding protein 3) (X11L-binding protein 51)
Q96QK1	VPS35_HUMAN	Vacuolar protein sorting-associated protein 35, hVPS35 (Maternal-embryonic 3) (Vesicle protein sorting 35)
Q96S59	RANB9_HUMAN	Ran-binding protein 9, RanBP9 (BPM-L) (BPM90) (Ran-binding protein M, RanBPM) (RanBP7)
Q99466	NOTC4_HUMAN	Neurogenic locus notch homolog protein 4, Notch 4, hNotch4 [Cleaved into: Notch 4 extracellular truncation; Notch 4 intracellular domain ]
Q99497	PARK7_HUMAN	Parkinson disease protein 7 (Maillard deglycase) (Oncogene DJ1) (Parkinsonism-associated deglycase) (Protein DJ-1, DJ-1) (Protein/nucleic acid deglycase DJ-1, EC 3.1.2.-, EC 3.5.1.-, EC 3.5.1.124)
Q99523	SORT_HUMAN	Sortilin (100 kDa NT receptor) (Glycoprotein 95, Gp95) (Neurotensin receptor 3, NT3, NTR3)
Q99547	MPH6_HUMAN	M-phase phosphoprotein 6
Q99714	HCD2_HUMAN	3-hydroxyacyl-CoA dehydrogenase type-2, EC 1.1.1.35 (17-beta-estradiol 17-dehydrogenase, EC 1.1.1.62) (2-methyl-3-hydroxybutyryl-CoA dehydrogenase, MHBD) (3-alpha-(17-beta)-hydroxysteroid dehydrogenase (NAD(+)), EC 1.1.1.239) (3-hydroxy-2-methylbutyryl-CoA dehydrogenase, EC 1.1.1.178) (3-hydroxyacyl-CoA dehydrogenase type II) (3alpha(or 20beta)-hydroxysteroid dehydrogenase, EC 1.1.1.53) (7-alpha-hydroxysteroid dehydrogenase, EC 1.1.1.159) (Endoplasmic reticulum-associated amyloid beta-peptide-binding protein) (Mitochondrial ribonuclease P protein 2, Mitochondrial RNase P protein 2) (Short chain dehydrogenase/reductase family 5C member 1) (Short-chain type dehydrogenase/reductase XH98G2) (Type II HADH)
Q99719	SEPT5_HUMAN	Septin-5 (Cell division control-related protein 1, CDCrel-1) (Peanut-like protein 1)
Q99767	APBA2_HUMAN	Amyloid-beta A4 precursor protein-binding family A member 2 (Adapter protein X11beta) (Neuron-specific X11L protein) (Neuronal Munc18-1-interacting protein 2, Mint-2)
Q99932	SPAG8_HUMAN	Sperm-associated antigen 8 (HSD-1) (Sperm membrane protein 1, SMP-1) (Sperm membrane protein BS-84)
Q9BQT9	CSTN3_HUMAN	Calsyntenin-3 (Alcadein-beta, Alc-beta)
Q9BS26	ERP44_HUMAN	Endoplasmic reticulum resident protein 44, ER protein 44, ERp44 (Thioredoxin domain-containing protein 4)
Q9BTD3	TM121_HUMAN	Transmembrane protein 121
Q9BVJ6	UT14A_HUMAN	U3 small nucleolar RNA-associated protein 14 homolog A (Antigen NY-CO-16) (Serologically defined colon cancer antigen 16)
Q9BX74	TM2D1_HUMAN	TM2 domain-containing protein 1 (Amyloid-beta-binding protein, hBBP)
Q9BXM7	PINK1_HUMAN	Serine/threonine-protein kinase PINK1, mitochondrial, EC 2.7.11.1 (BRPK) (PTEN-induced putative kinase protein 1)
Q9BXS4	TMM59_HUMAN	Transmembrane protein 59 (Liver membrane-bound protein)
Q9BYF1	ACE2_HUMAN	Angiotensin-converting enzyme 2, EC 3.4.17.23 (Angiotensin-converting enzyme homolog, ACEH) (Angiotensin-converting enzyme-related carboxypeptidase, ACE-related carboxypeptidase, EC 3.4.17.-) (Metalloprotease MPROT15) [Cleaved into: Processed angiotensin-converting enzyme 2 ]
Q9BYQ4	KRA92_HUMAN	Keratin-associated protein 9-2 (Keratin-associated protein 9.2) (Ultrahigh sulfur keratin-associated protein 9.2)
Q9BYZ2	LDH6B_HUMAN	L-lactate dehydrogenase A-like 6B, EC 1.1.1.27
Q9BZB8	CPEB1_HUMAN	Cytoplasmic polyadenylation element-binding protein 1, CPE-BP1, CPE-binding protein 1, h-CPEB, hCPEB-1
Q9BZC7	ABCA2_HUMAN	ATP-binding cassette sub-family A member 2, EC 7.6.2.- (ATP-binding cassette transporter 2, ATP-binding cassette 2)
Q9C026	TRIM9_HUMAN	E3 ubiquitin-protein ligase TRIM9, EC 2.3.2.27 (RING finger protein 91) (RING-type E3 ubiquitin transferase TRIM9) (Tripartite motif-containing protein 9)
Q9GZQ8	MLP3B_HUMAN	Microtubule-associated proteins 1A/1B light chain 3B (Autophagy-related protein LC3 B) (Autophagy-related ubiquitin-like modifier LC3 B) (MAP1 light chain 3-like protein 2) (MAP1A/MAP1B light chain 3 B, MAP1A/MAP1B LC3 B) (Microtubule-associated protein 1 light chain 3 beta)
Q9GZS3	WDR61_HUMAN	WD repeat-containing protein 61 (Meiotic recombination REC14 protein homolog) (SKI8 homolog, Ski8) [Cleaved into: WD repeat-containing protein 61, N-terminally processed ]
Q9H270	VPS11_HUMAN	Vacuolar protein sorting-associated protein 11 homolog, hVPS11 (RING finger protein 108)
Q9H492	MLP3A_HUMAN	Microtubule-associated proteins 1A/1B light chain 3A (Autophagy-related protein LC3 A) (Autophagy-related ubiquitin-like modifier LC3 A) (MAP1 light chain 3-like protein 1) (MAP1A/MAP1B light chain 3 A, MAP1A/MAP1B LC3 A) (Microtubule-associated protein 1 light chain 3 alpha)
Q9H4D0	CSTN2_HUMAN	Calsyntenin-2 (Alcadein-gamma, Alc-gamma)
Q9H4M9	EHD1_HUMAN	EH domain-containing protein 1 (PAST homolog 1, hPAST1) (Testilin)
Q9HCB6	SPON1_HUMAN	Spondin-1 (F-spondin) (Vascular smooth muscle cell growth-promoting factor)
Q9NP59	S40A1_HUMAN	Solute carrier family 40 member 1 (Ferroportin-1) (Iron-regulated transporter 1)
Q9NQW7	XPP1_HUMAN	Xaa-Pro aminopeptidase 1, EC 3.4.11.9 (Aminoacylproline aminopeptidase) (Cytosolic aminopeptidase P) (Soluble aminopeptidase P, sAmp) (X-Pro aminopeptidase 1) (X-prolyl aminopeptidase 1, soluble)
Q9NQX7	ITM2C_HUMAN	Integral membrane protein 2C (Cerebral protein 14) (Transmembrane protein BRI3) [Cleaved into: CT-BRI3 ]
Q9NRP0	OSTC_HUMAN	Oligosaccharyltransferase complex subunit OSTC (Hydrophobic protein HSF-28)
Q9NSC5	HOME3_HUMAN	Homer protein homolog 3, Homer-3
Q9NY61	AATF_HUMAN	Protein AATF (Apoptosis-antagonizing transcription factor) (Rb-binding protein Che-1)
Q9NYK5	RM39_HUMAN	39S ribosomal protein L39, mitochondrial, L39mt, MRP-L39 (39S ribosomal protein L5, mitochondrial, L5mt, MRP-L5) (Mitochondrial large ribosomal subunit protein mL39)
Q9NYK6	EURL_HUMAN	Protein EURL homolog
Q9NZ42	PEN2_HUMAN	Gamma-secretase subunit PEN-2 (Presenilin enhancer protein 2)
Q9NZ52	GGA3_HUMAN	ADP-ribosylation factor-binding protein GGA3 (Golgi-localized, gamma ear-containing, ARF-binding protein 3)
Q9NZC2	TREM2_HUMAN	Triggering receptor expressed on myeloid cells 2, TREM-2 (Triggering receptor expressed on monocytes 2)
Q9NZN3	EHD3_HUMAN	EH domain-containing protein 3 (PAST homolog 3)
Q9NZR2	LRP1B_HUMAN	Low-density lipoprotein receptor-related protein 1B, LRP-1B (Low-density lipoprotein receptor-related protein-deleted in tumor, LRP-DIT)
Q9NZU0	FLRT3_HUMAN	Leucine-rich repeat transmembrane protein FLRT3 (Fibronectin-like domain-containing leucine-rich transmembrane protein 3)
Q9NZV6	MSRB1_HUMAN	Methionine-R-sulfoxide reductase B1, MsrB1, EC 1.8.4.12, EC 1.8.4.14 (Selenoprotein X, SelX)
Q9P0L2	MARK1_HUMAN	Serine/threonine-protein kinase MARK1, EC 2.7.11.1, EC 2.7.11.26 (MAP/microtubule affinity-regulating kinase 1) (PAR1 homolog c, Par-1c, Par1c)
Q9UBF2	COPG2_HUMAN	Coatomer subunit gamma-2 (Gamma-2-coat protein, Gamma-2-COP)
Q9UGJ0	AAKG2_HUMAN	5'-AMP-activated protein kinase subunit gamma-2, AMPK gamma2, AMPK subunit gamma-2 (H91620p)
Q9UHY8	FEZ2_HUMAN	Fasciculation and elongation protein zeta-2 (Zygin II) (Zygin-2)
Q9UIK5	TEFF2_HUMAN	Tomoregulin-2, TR-2 (Hyperplastic polyposis protein 1) (Transmembrane protein with EGF-like and two follistatin-like domains)
Q9UJC3	HOOK1_HUMAN	Protein Hook homolog 1, h-hook1, hHK1
Q9UJY4	GGA2_HUMAN	ADP-ribosylation factor-binding protein GGA2 (Gamma-adaptin-related protein 2) (Golgi-localized, gamma ear-containing, ARF-binding protein 2) (VHS domain and ear domain of gamma-adaptin, Vear)
Q9UJY5	GGA1_HUMAN	ADP-ribosylation factor-binding protein GGA1 (Gamma-adaptin-related protein 1) (Golgi-localized, gamma ear-containing, ARF-binding protein 1)
Q9UKF2	ADA30_HUMAN	Disintegrin and metalloproteinase domain-containing protein 30, ADAM 30, EC 3.4.24.-
Q9ULX5	RN112_HUMAN	RING finger protein 112, EC 2.3.2.27 (Brain finger protein) (Zinc finger protein 179)
Q9UMF0	ICAM5_HUMAN	Intercellular adhesion molecule 5, ICAM-5 (Telencephalin)
Q9UMX0	UBQL1_HUMAN	Ubiquilin-1 (Protein linking IAP with cytoskeleton 1, PLIC-1, hPLIC-1)
Q9UNH7	SNX6_HUMAN	Sorting nexin-6 (TRAF4-associated factor 2) [Cleaved into: Sorting nexin-6, N-terminally processed ]
Q9UPM8	AP4E1_HUMAN	AP-4 complex subunit epsilon-1 (AP-4 adaptor complex subunit epsilon) (Adaptor-related protein complex 4 subunit epsilon-1) (Epsilon subunit of AP-4) (Epsilon-adaptin)
Q9UQF2	JIP1_HUMAN	C-Jun-amino-terminal kinase-interacting protein 1, JIP-1, JNK-interacting protein 1 (Islet-brain 1, IB-1) (JNK MAP kinase scaffold protein 1) (Mitogen-activated protein kinase 8-interacting protein 1)
Q9UQM7	KCC2A_HUMAN	Calcium/calmodulin-dependent protein kinase type II subunit alpha, CaM kinase II subunit alpha, CaMK-II subunit alpha, EC 2.7.11.17
Q9Y272	RASD1_HUMAN	Dexamethasone-induced Ras-related protein 1 (Activator of G-protein signaling 1)
Q9Y287	ITM2B_HUMAN	Integral membrane protein 2B (Immature BRI2, imBRI2) (Protein E25B) (Transmembrane protein BRI, Bri) [Cleaved into: BRI2, membrane form (Mature BRI2, mBRI2); BRI2 intracellular domain, BRI2 ICD; BRI2C, soluble form; Bri23 peptide, Bri2-23 (ABri23) (C-terminal peptide) (P23 peptide) ]
Q9Y2W7	CSEN_HUMAN	Calsenilin (A-type potassium channel modulatory protein 3) (DRE-antagonist modulator, DREAM) (Kv channel-interacting protein 3, KChIP3)
Q9Y3C5	RNF11_HUMAN	RING finger protein 11
Q9Y5B9	SP16H_HUMAN	FACT complex subunit SPT16 (Chromatin-specific transcription elongation factor 140 kDa subunit) (FACT 140 kDa subunit) (FACTp140) (Facilitates chromatin transcription complex subunit SPT16, hSPT16)
Q9Y5Q9	TF3C3_HUMAN	General transcription factor 3C polypeptide 3 (Transcription factor IIIC 102 kDa subunit, TFIIIC 102 kDa subunit, TFIIIC102) (Transcription factor IIIC subunit gamma, TF3C-gamma)
Q9Y5Z0	BACE2_HUMAN	Beta-secretase 2, EC 3.4.23.45 (Aspartic-like protease 56 kDa) (Aspartyl protease 1, ASP1, Asp 1) (Beta-site amyloid precursor protein cleaving enzyme 2, Beta-site APP cleaving enzyme 2) (Down region aspartic protease, DRAP) (Memapsin-1) (Membrane-associated aspartic protease 1) (Theta-secretase)
Q9Y678	COPG1_HUMAN	Coatomer subunit gamma-1 (Gamma-1-coat protein, Gamma-1-COP)
Q9Y6B7	AP4B1_HUMAN	AP-4 complex subunit beta-1 (AP-4 adaptor complex subunit beta) (Adaptor-related protein complex 4 subunit beta-1) (Beta subunit of AP-4) (Beta4-adaptin)
A0A0A0MRG2	A0A0A0MRG2_HUMAN	Amyloid-beta A4 protein
A0A0U2ZQU7	A0A0U2ZQU7_HUMAN	Cadherin-1 (Epithelial cadherin)
A0A218KGN3	A0A218KGN3_HUMAN	Presenilin, EC 3.4.23.-
A0A218KGN4	A0A218KGN4_HUMAN	Presenilin, EC 3.4.23.-
A0A218KGN7	A0A218KGN7_HUMAN	Presenilin, EC 3.4.23.-
A0A218KGP0	A0A218KGP0_HUMAN	Presenilin, EC 3.4.23.-
A0A218KGP1	A0A218KGP1_HUMAN	Presenilin, EC 3.4.23.-
A0A218KGP3	A0A218KGP3_HUMAN	Presenilin, EC 3.4.23.-
A0A218KGQ3	A0A218KGQ3_HUMAN	Presenilin, EC 3.4.23.-
A0A218KGQ6	A0A218KGQ6_HUMAN	Presenilin, EC 3.4.23.-
B4DJT9	B4DJT9_HUMAN	Amyloid-beta A4 protein
B4DM00	B4DM00_HUMAN	Amyloid-beta A4 protein
B4DMD5	B4DMD5_HUMAN	Amyloid-beta A4 protein
B4DQM1	B4DQM1_HUMAN	Amyloid-beta A4 protein
H7C0V9	H7C0V9_HUMAN	Amyloid-beta A4 protein
O43736	ITM2A_HUMAN	Integral membrane protein 2A (Protein E25)
O95411	TIAF1_HUMAN	Putative TGFB1-induced anti-apoptotic factor 1 (12 kDa TGF-beta-1-induced antiapoptotic factor)
Q2TV78	MST1L_HUMAN	Putative macrophage stimulating 1-like protein (Brain rescue factor 1, BRF-1) (Hepatocyte growth factor-like protein homolog)
Q68DU8	KCD16_HUMAN	BTB/POZ domain-containing protein KCTD16 (Potassium channel tetramerization domain-containing protein 16)
Q9H7C9	AAMDC_HUMAN	Mth938 domain-containing protein (Adipogenesis associated Mth938 domain-containing protein)
A0A0F7G8J1	A0A0F7G8J1_HUMAN	Plasminogen, EC 3.4.21.7
A0A218KGQ4	A0A218KGQ4_HUMAN	Presenilin, EC 3.4.23.-
A0A8F9R5D5	A0A8F9R5D5_HUMAN	Amyloid-beta A4 protein
B2R7F8	B2R7F8_HUMAN	Plasminogen, EC 3.4.21.7
B7Z313	B7Z313_HUMAN	Amyloid-beta A4 protein
B7Z4G8	B7Z4G8_HUMAN	Amyloid beta precursor-like protein 1 (cDNA FLJ56046, highly similar to Amyloid-like protein 1 (APLP)(APLP-1))
F5GZ08	F5GZ08_HUMAN	Amyloid beta precursor-like protein 1
G3XAK1	G3XAK1_HUMAN	Hepatocyte growth factor-like protein (Macrophage stimulating 1 (Hepatocyte growth factor-like), isoform CRA_b)
H7C2L2	H7C2L2_HUMAN	Amyloid-beta A4 protein
L7XCZ9	L7XCZ9_HUMAN	Amyloid-beta A4 protein
Q02325	PLGB_HUMAN	Plasminogen-like protein B (Plasminogen-related protein B)
Q15195	PLGA_HUMAN	Plasminogen-like protein A (Plasminogen-like protein A1) (Plasminogen-related protein A)
Q6P4J0	Q6P4J0_HUMAN	N-terminal amino-acid N(alpha)-acetyltransferase NatA, EC 2.3.1.255
Q8NE08	Q8NE08_HUMAN	COL25A1 protein
Q9UK28	TM59L_HUMAN	Transmembrane protein 59-like (Brain-specific membrane-anchored protein)
A0A024R0J5	A0A024R0J5_HUMAN	AP complex subunit beta
A0A024R3N3	A0A024R3N3_HUMAN	Amyloid beta (A4)-like protein 2, isoform CRA_a
A0A024RDJ1	A0A024RDJ1_HUMAN	Oligosaccharyltransferase complex subunit
A0A087WUD3	A0A087WUD3_HUMAN	Oligosaccharyltransferase complex subunit
A0A087X253	A0A087X253_HUMAN	AP complex subunit beta
A0A0E3XJU3	A0A0E3XJU3_HUMAN	Cadherin-1 (Epithelial cadherin)
A0A0G2JS82	A0A0G2JS82_HUMAN	AP-2 complex subunit alpha-2
A0A140VJE7	A0A140VJE7_HUMAN	AP-1 complex subunit gamma
A0A140VJE8	A0A140VJE8_HUMAN	AP complex subunit beta
A0A140VJE9	A0A140VJE9_HUMAN	Testicular tissue protein Li 23
A0A140VK12	A0A140VK12_HUMAN	Coatomer subunit gamma
A0A2R8Y2A8	A0A2R8Y2A8_HUMAN	AP-3 complex subunit beta
A0A590UJ60	A0A590UJ60_HUMAN	AP-3 complex subunit beta
A0A590UJE5	A0A590UJE5_HUMAN	AP-3 complex subunit beta-2
A0A590UK04	A0A590UK04_HUMAN	AP-3 complex subunit beta
A0A590UKC4	A0A590UKC4_HUMAN	AP-3 complex subunit beta
A0A5F9UJV3	A0A5F9UJV3_HUMAN	AP-3 complex subunit beta
A0AVL1	A0AVL1_HUMAN	ADAM9 protein (Disintegrin and metalloproteinase domain-containing protein 9)
A6PVI2	A6PVI2_HUMAN	Plasminogen
A8K0G3	A8K0G3_HUMAN	AP complex subunit beta
A8K586	A8K586_HUMAN	AP-3 complex subunit beta
A8K6I6	A8K6I6_HUMAN	cDNA FLJ75092, highly similar to Homo sapiens golgi associated, gamma adaptin ear containing, ARF binding protein 3 (GGA3), transcript variant long, mRNA
A8K6K9	A8K6K9_HUMAN	Hepatocyte growth factor (Hepatopoietin-A) (Scatter factor)
A8K6M0	A8K6M0_HUMAN	cDNA FLJ75879, highly similar to Homo sapiens GGA3 short isoform
A8K916	A8K916_HUMAN	AP complex subunit beta
B1ALD0	B1ALD0_HUMAN	AP complex subunit beta
B2R5S2	B2R5S2_HUMAN	cDNA, FLJ92596, highly similar to Homo sapiens amyloid beta (A4)-like protein 1 (APLP1),mRNA
B2RBF6	B2RBF6_HUMAN	AP complex subunit beta
B3KND4	B3KND4_HUMAN	Coatomer subunit gamma
B3KNW1	B3KNW1_HUMAN	AP-1 complex subunit gamma-1 (cDNA FLJ30560 fis, clone BRAWH2004217, highly similar to AP-1 complex subunit gamma-1)
B3KSJ4	B3KSJ4_HUMAN	AP complex subunit beta
B3KXW5	B3KXW5_HUMAN	AP-1 complex subunit gamma
B4DH36	B4DH36_HUMAN	Oligosaccharyltransferase complex subunit
B4DKY3	B4DKY3_HUMAN	cDNA FLJ55088, highly similar to Amyloid-like protein 2 (Amyloidprotein homolog) (APPH) (CDEI box-binding protein)(CDEBP)
B4DTG3	B4DTG3_HUMAN	AP complex subunit beta
B4DTV1	B4DTV1_HUMAN	cDNA FLJ55927, highly similar to Amyloid-like protein 2 (CDEIbox-binding protein) (CDEBP)
B4DWG4	B4DWG4_HUMAN	AP complex subunit beta
B4E3I5	B4E3I5_HUMAN	cDNA FLJ56216, highly similar to Amyloid-like protein 2 (CDEIbox-binding protein) (CDEBP)
B7Z456	B7Z456_HUMAN	cDNA FLJ59569, highly similar to ADP-ribosylation factor-binding protein GGA3
B7Z4Q2	B7Z4Q2_HUMAN	cDNA FLJ56116, highly similar to Amyloid-like protein 1 (APLP)(APLP-1)
B7Z5S9	B7Z5S9_HUMAN	AP-2 complex subunit alpha
D3XNU5	D3XNU5_HUMAN	Cadherin-1 (Epithelial cadherin)
E9PK76	E9PK76_HUMAN	Amyloid beta precursor-like protein 2
E9PQS3	E9PQS3_HUMAN	Amyloid beta precursor-like protein 2
E9PSC7	E9PSC7_HUMAN	Amyloid beta precursor-like protein 2
H0UID3	H0UID3_HUMAN	AP complex subunit beta
H0UID4	H0UID4_HUMAN	AP complex subunit beta
H0UID5	H0UID5_HUMAN	AP complex subunit beta
H0YAC1	H0YAC1_HUMAN	Plasma kallikrein
J3KSS7	J3KSS7_HUMAN	ADP-ribosylation factor-binding protein GGA3
K7ELK0	K7ELK0_HUMAN	Amyloid beta precursor-like protein 1
K7EMN4	K7EMN4_HUMAN	Amyloid beta precursor-like protein 1
K7EQJ4	K7EQJ4_HUMAN	Amyloid beta precursor-like protein 1
Q5TEH5	Q5TEH5_HUMAN	HCG2029799, isoform CRA_b (Plasminogen)
Q68CN5	Q68CN5_HUMAN	Uncharacterized protein DKFZp686D17136
Q68DI0	Q68DI0_HUMAN	AP complex subunit beta
Q6IPE9	Q6IPE9_HUMAN	MAP/microtubule affinity-regulating kinase 4 (MARK4 protein)
Q6PK61	Q6PK61_HUMAN	Neuregulin 1
Q8IUW6	Q8IUW6_HUMAN	CLSTN3 protein
Q8IY97	Q8IY97_HUMAN	AP-1 complex subunit gamma
Q8TBU1	Q8TBU1_HUMAN	Oligosaccharyltransferase complex subunit
Q9BTI6	Q9BTI6_HUMAN	Flotillin
Q9H9B7	Q9H9B7_HUMAN	Coatomer subunit gamma
Q9UII7	Q9UII7_HUMAN	Cadherin-1 (Epithelial cadherin)
S4R3U6	S4R3U6_HUMAN	Amyloid beta precursor-like protein 1
A0A2R8YEI1	A0A2R8YEI1_HUMAN	Hepatocyte growth factor
A0A8I5KY83	A0A8I5KY83_HUMAN	AP-2 complex subunit alpha-2
A0A8I5QJV7	A0A8I5QJV7_HUMAN	AP-2 complex subunit alpha-2
A8K9A9	A8K9A9_HUMAN	cDNA FLJ77744, highly similar to Homo sapiens kallikrein B, plasma (Fletcher factor) 1 (KLKB1), mRNA
B3KSI7	B3KSI7_HUMAN	cDNA FLJ36374 fis, clone THYMU2008185, highly similar to Xaa-Pro aminopeptidase 1
B3KTE2	B3KTE2_HUMAN	cDNA FLJ38108 fis, clone D3OST2001670, highly similar to Homo sapiens golgi associated, gamma adaptin ear containing, ARF binding protein 1 (GGA1), transcript variant 2, mRNA
B3KUS4	B3KUS4_HUMAN	cDNA FLJ40508 fis, clone TESTI2045850, highly similar to AP-3 complex subunit beta-2
B3KW21	B3KW21_HUMAN	cDNA FLJ41945 fis, clone PLACE6019676, highly similar to Coatomer subunit gamma
B4DDL1	B4DDL1_HUMAN	GAE domain-containing protein
B4DG47	B4DG47_HUMAN	cDNA FLJ56967, highly similar to Adapter-relatedprotein complex 1 beta-1 subunit
B4DIL5	B4DIL5_HUMAN	cDNA FLJ54516, highly similar to Adapter-relatedprotein complex 2 beta-1 subunit
B4DKH5	B4DKH5_HUMAN	cDNA FLJ58495, highly similar to Adapter-relatedprotein complex 1 beta-1 subunit
B4DMX2	B4DMX2_HUMAN	cDNA FLJ51250, highly similar to Plasma kallikrein
B4DPN1	B4DPN1_HUMAN	cDNA FLJ61328, highly similar to Hepatocyte growth factor-like protein
B4DPQ8	B4DPQ8_HUMAN	cDNA FLJ61329, moderately similar to Hepatocyte growth factor-like protein
B4DS79	B4DS79_HUMAN	cDNA FLJ56828, highly similar to Adapter-relatedprotein complex 1 beta-1 subunit
B4E261	B4E261_HUMAN	cDNA FLJ55646, highly similar to Adapter-relatedprotein complex 2 beta-1 subunit
B4E3E1	B4E3E1_HUMAN	cDNA FLJ56213, highly similar to Adapter-relatedprotein complex 1 gamma- 2 subunit
B7Z1Q4	B7Z1Q4_HUMAN	cDNA FLJ57955, highly similar to Adapter-relatedprotein complex 2 alpha- 2 subunit
B7Z250	B7Z250_HUMAN	cDNA FLJ56324, highly similar to Hepatocyte growth factor-like protein
B7Z3P3	B7Z3P3_HUMAN	cDNA FLJ53768, highly similar to Hepatocyte growth factor-like protein
B7Z538	B7Z538_HUMAN	cDNA FLJ60766, highly similar to Hepatocyte growth factor-like protein
B7ZLM6	B7ZLM6_HUMAN	X-prolyl aminopeptidase (Aminopeptidase P) 2, membrane-bound
C9J075	C9J075_HUMAN	Plasma kallikrein
C9JCT1	C9JCT1_HUMAN	Plasma kallikrein
C9JDP4	C9JDP4_HUMAN	Hepatocyte growth factor
C9JS80	C9JS80_HUMAN	Hepatocyte growth factor
C9WSJ3	C9WSJ3_HUMAN	Hepatocyte growth factor (Hepatocyte growth factor isoform 6)
C9WSJ4	C9WSJ4_HUMAN	Hepatocyte growth factor (Hepatocyte growth factor isoform 6)
D6RB32	D6RB32_HUMAN	Coagulation factor XI
E9PBC5	E9PBC5_HUMAN	Plasma kallikrein
F8WCD6	F8WCD6_HUMAN	Plasminogen-like protein B
H0Y596	H0Y596_HUMAN	Coagulation factor XI
H0Y8G2	H0Y8G2_HUMAN	Coatomer subunit gamma-1
H0Y8X7	H0Y8X7_HUMAN	Coatomer subunit gamma-1
H0YJ47	H0YJ47_HUMAN	AP-1 complex subunit gamma-like 2
J3KTR5	J3KTR5_HUMAN	ADP-ribosylation factor-binding protein GGA3
J3QS87	J3QS87_HUMAN	ADP-ribosylation factor-binding protein GGA3
L7XE61	L7XE61_HUMAN	Amyloid beta A4 protein
L8EC46	L8EC46_HUMAN	Alternative protein APP
Q13208	Q13208_HUMAN	Hepatocyte growth factor-like protein homolog
Q53GN8	Q53GN8_HUMAN	Macrophage stimulating 1 (Hepatocyte growth factor-like) variant
Q53QL7	Q53QL7_HUMAN	Uncharacterized protein PLGL
Q59H59	Q59H59_HUMAN	Hepatocyte growth factor isoform 1 preproprotein variant
Q5T6H7	Q5T6H7_HUMAN	Xaa-Pro aminopeptidase 1
Q6AI51	Q6AI51_HUMAN	Uncharacterized protein DKFZp686J19100
Q6I9W9	Q6I9W9_HUMAN	DKFZP586N0721 protein (HCG23972) (cDNA, FLJ94430)
Q6IAD4	Q6IAD4_HUMAN	NOTCH1 protein
Q7Z3M8	Q7Z3M8_HUMAN	Uncharacterized protein DKFZp686A01208
Q86U03	Q86U03_HUMAN	Full-length cDNA clone CS0DI003YF22 of Placenta of Homo sapiens (human)
Q8N0S8	Q8N0S8_HUMAN	VPS29 protein
Q8N9K4	Q8N9K4_HUMAN	cDNA FLJ36998 fis, clone BRACE2007295, highly similar to ALPHA-ADAPTIN A
Q8NHT4	Q8NHT4_HUMAN	MPHOSPH6 protein
Q8WUI6	Q8WUI6_HUMAN	COPG protein
Q8WVK1	Q8WVK1_HUMAN	PLSCR1 protein (Phospholipid scramblase 1, isoform CRA_f)
Q96EL6	Q96EL6_HUMAN	Uncharacterized protein
Q9BYY9	Q9BYY9_HUMAN	Amyloid beta protein
Q9H279	Q9H279_HUMAN	Serologically defined breast cancer antigen NY-BR-73
Q9NSM7	Q9NSM7_HUMAN	Uncharacterized protein DKFZp761N09121
Q9NUP3	Q9NUP3_HUMAN	cDNA FLJ11224 fis, clone PLACE1008273, moderately similar to COATOMER GAMMA SUBUNIT
Q9UE70	Q9UE70_HUMAN	Plasminogen-related protein A
Q9UEG0	Q9UEG0_HUMAN	Coagulation factor XI
Q9UFK5	Q9UFK5_HUMAN	Uncharacterized protein DKFZp564D1864
